N,x,mean,lower,upper,limit,samples
1000,-16.0,0.03027272727272727,0.029454220779220774,0.031064935064935066,0.031249999999987337,77
1000,-15.9,0.0304025974025974,0.029584090909090904,0.031208116883116893,0.03144654088048768,77
1000,-15.8,0.030766233766233757,0.029934740259740245,0.03154545454545454,0.031645569620234265,77
1000,-15.7,0.03093506493506493,0.0300775974025974,0.03175324675324674,0.031847133757938705,77
1000,-15.6,0.031090909090909086,0.030207792207792204,0.031922402597402595,0.03205128205125387,77
1000,-15.5,0.03124675324675324,0.0304025974025974,0.032077922077922066,0.03225806451609461,77
1000,-15.4,0.03148051948051948,0.03063636363636363,0.032311688311688305,0.032467532467490415,77
1000,-15.3,0.031818181818181815,0.030999999999999996,0.03261103896103897,0.03267973856204015,77
1000,-15.2,0.031974025974025974,0.031142857142857142,0.032805194805194796,0.032894736842042534,77
1000,-15.1,0.031974025974025974,0.031142857142857142,0.032805194805194796,0.033112582781380344,77
1000,-15.0,0.03202597402597402,0.031220779220779215,0.03284415584415584,0.033333333333239755,77
1000,-14.9,0.03218181818181818,0.03133766233766234,0.033013311688311696,0.033557046979751474,77
1000,-14.8,0.032389610389610385,0.03153246753246754,0.03325974025974026,0.03378378378364418,77
1000,-14.7,0.03253246753246753,0.0317012987012987,0.033402597402597385,0.034013605442006364,77
1000,-14.6,0.03268831168831169,0.03184415584415585,0.033584415584415585,0.034246575342257495,77
1000,-14.5,0.03288311688311688,0.03203896103896104,0.03374025974025975,0.03448275862043529,77
1000,-14.4,0.033012987012987015,0.03215584415584416,0.03387045454545456,0.03472222222191154,77
1000,-14.3,0.03328571428571429,0.032415584415584425,0.03414285714285715,0.03496503496465549,77
1000,-14.2,0.03341558441558441,0.03257142857142858,0.034259740259740254,0.03521126760517032,77
1000,-14.1,0.03375324675324676,0.03292207792207792,0.03458474025974027,0.03546099290723532,77
1000,-14.0,0.03393506493506494,0.033090909090909094,0.034779220779220785,0.03571428571359427,77
1000,-13.9,0.03411688311688313,0.0332853896103896,0.03496103896103896,0.035971223020738206,77
1000,-13.8,0.03437662337662339,0.03355844155844156,0.03516883116883117,0.03623188405693951,77
1000,-13.7,0.0346883116883117,0.03389577922077922,0.03549383116883117,0.03649635036370362,77
1000,-13.6,0.03506493506493508,0.03425974025974027,0.03585746753246753,0.03676470588081412,77
1000,-13.5,0.03529870129870131,0.0345064935064935,0.03612987012987012,0.037037037035157504,77
1000,-13.4,0.03561038961038962,0.03480422077922078,0.03644155844155845,0.03731343283352523,77
1000,-13.3,0.03585714285714287,0.03501298701298701,0.036714610389610394,0.03759398495960208,77
1000,-13.2,0.036090909090909104,0.035233766233766235,0.036948051948051945,0.037878787875363154,77
1000,-13.1,0.03631168831168833,0.03546753246753248,0.03715584415584415,0.038167938927114745,77
1000,-13.0,0.0365844155844156,0.03572727272727273,0.03741558441558443,0.03846153845642938,77
1000,-12.9,0.03684415584415586,0.036038961038961044,0.03764935064935065,0.03875968991624036,77
1000,-12.8,0.03710389610389611,0.036285714285714296,0.03793506493506493,0.03906249999237813,77
1000,-12.7,0.037454545454545456,0.03667499999999999,0.038234090909090905,0.039370078730848114,77
1000,-12.6,0.03779220779220778,0.03699999999999999,0.03859772727272728,0.03968253967116919,77
1000,-12.5,0.038,0.03719480519480519,0.03881818181818182,0.039999999986112054,77
1000,-12.4,0.03823376623376624,0.03737662337662338,0.03909090909090909,0.04032258062819852,77
1000,-12.3,0.03867532467532468,0.03780519480519481,0.039545454545454536,0.04065040648334666,77
1000,-12.2,0.03906493506493508,0.038194805194805205,0.03992207792207792,0.040983606532071566,77
1000,-12.1,0.039350649350649365,0.03844155844155845,0.04022110389610391,0.04132231401867859,77
1000,-12.0,0.039714285714285716,0.03879220779220779,0.040584740259740265,0.04166666662891532,77
1000,-11.899999999999999,0.04,0.03905194805194806,0.040896428571428584,0.042016806676579484,77
1000,-11.8,0.04033766233766233,0.03937662337662338,0.04128571428571428,0.042372881299613814,77
1000,-11.7,0.04071428571428571,0.03976623376623377,0.04170162337662337,0.0427350426662553,77
1000,-11.6,0.0412077922077922,0.04025974025974025,0.04220779220779221,0.04310344819184491,77
1000,-11.5,0.04183116883116882,0.04086980519480521,0.0428051948051948,0.04347826076694642,77
1000,-11.399999999999999,0.04235064935064935,0.041376623376623366,0.04332467532467532,0.043859648997468144,77
1000,-11.3,0.04258441558441558,0.041610389610389605,0.04355844155844154,0.04424778745753021,77
1000,-11.2,0.04305194805194804,0.042103571428571414,0.04399999999999999,0.04464285695587351,77
1000,-11.1,0.043571428571428567,0.04258409090909089,0.044558766233766235,0.045045044816662716,77
1000,-11.0,0.0438051948051948,0.042831168831168824,0.04483116883116882,0.045454545175598646,77
1000,-10.899999999999999,0.04427272727272726,0.04324675324675324,0.04529870129870129,0.045871559292321125,77
1000,-10.8,0.044779220779220766,0.0437012987012987,0.04589642857142857,0.04629629588015655,77
1000,-10.7,0.04515584415584414,0.044103896103896104,0.04622110389610389,0.0467289714543426,77
1000,-10.6,0.04549350649350648,0.044402597402597416,0.04657175324675323,0.047169810699947176,77
1000,-10.5,0.045935064935064926,0.04485714285714286,0.047025974025974,0.047619046860791575,77
1000,-10.399999999999999,0.04637662337662337,0.04529870129870129,0.04749383116883115,0.048076922150787064,77
1000,-10.3,0.046792207792207774,0.045727272727272734,0.047896103896103895,0.04854368818920326,77
1000,-10.2,0.047259740259740245,0.0461948051948052,0.04831168831168831,0.04901960646150467,77
1000,-10.1,0.04777922077922076,0.04674025974025975,0.048831168831168816,0.04950494880751965,77
1000,-10.0,0.04790909090909089,0.04685714285714286,0.04898701298701299,0.04999999793884637,77
1000,-9.899999999999999,0.04838961038961038,0.0473762987012987,0.049389935064935074,0.05050504798755179,77
1000,-9.8,0.048831168831168816,0.04777922077922078,0.04985714285714285,0.05102040508838541,77
1000,-9.7,0.04945454545454544,0.048454545454545465,0.05046753246753247,0.051546387996910546,77
1000,-9.6,0.04993506493506492,0.04893506493506494,0.05092207792207793,0.05208332874615157,77
1000,-9.5,0.050337662337662306,0.04937662337662339,0.051272727272727275,0.05263157334457195,77
1000,-9.399999999999999,0.050610389610389585,0.049675324675324685,0.05153246753246755,0.05319148251843107,77
1000,-9.3,0.05118181818181816,0.050324675324675334,0.05207792207792209,0.05376343250182487,77
1000,-9.2,0.05177922077922076,0.050870129870129885,0.052701298701298714,0.0543478158779957,77
1000,-9.1,0.052480519480519454,0.05151948051948054,0.0534029220779221,0.054945042475802,77
1000,-9.0,0.053129870129870124,0.05218149350649351,0.05406493506493507,0.055555540325575574,77
1000,-8.899999999999999,0.05359740259740258,0.052545454545454576,0.05457175324675326,0.056179756678959275,77
1000,-8.8,0.05416883116883117,0.053142532467532484,0.05515616883116884,0.05681815909772137,77
1000,-8.7,0.05479220779220781,0.05377889610389611,0.055792207792207796,0.057471236616982904,77
1000,-8.6,0.05531168831168832,0.05424642857142858,0.05632467532467535,0.058139500988776516,77
1000,-8.5,0.05585714285714287,0.05474025974025975,0.05692240259740262,0.0588234880123858,77
1000,-8.399999999999999,0.05653246753246753,0.05538961038961039,0.05759772727272729,0.059523758958493496,77
1000,-8.3,0.057493506493506485,0.05629870129870132,0.05863636363636365,0.06024090209480451,77
1000,-8.2,0.05850649350649351,0.05733701298701299,0.0596107142857143,0.06097553432150838,77
1000,-8.1,0.05938961038961038,0.058142532467532496,0.06051948051948053,0.06172830292571156,77
1000,-8.0,0.060298701298701296,0.058974025974026,0.06148084415584418,0.062499887464812616,77
1000,-7.9,0.061233766233766224,0.05996038961038963,0.062467532467532484,0.06329100178971464,77
1000,-7.799999999999999,0.06214285714285713,0.06081818181818185,0.06341558441558443,0.06410239621978292,77
1000,-7.699999999999999,0.06306493506493506,0.06172694805194805,0.06437662337662337,0.06493485988256534,77
1000,-7.6,0.06385714285714286,0.06255844155844156,0.0651948051948052,0.06578922323251056,77
1000,-7.5,0.06468831168831168,0.06333766233766236,0.06602597402597404,0.06666636076425259,77
1000,-7.4,0.06564935064935067,0.06429870129870131,0.06697467532467535,0.06756719393748997,77
1000,-7.299999999999999,0.06655844155844157,0.06514253246753246,0.06798701298701296,0.06849269433208646,77
1000,-7.199999999999999,0.06745454545454543,0.06598668831168829,0.06894805194805195,0.06944388705376449,77
1000,-7.1,0.0683376623376623,0.06677922077922077,0.06990909090909088,0.07042185441266972,77
1000,-7.0,0.0698181818181818,0.06841558441558442,0.07138961038961038,0.07142773989916087,77
1000,-6.9,0.07096103896103896,0.06955844155844154,0.07250649350649349,0.07246275248343952,77
1000,-6.799999999999999,0.07184415584415582,0.07041558441558442,0.07337759740259739,0.07352817126808711,77
1000,-6.699999999999999,0.07293506493506492,0.07153214285714284,0.07446753246753246,0.07462535052523399,77
1000,-6.6,0.07415584415584418,0.0726883116883117,0.07566266233766235,0.07575572515295345,77
1000,-6.5,0.07542857142857146,0.07402564935064934,0.07692207792207792,0.07692081658856084,77
1000,-6.399999999999999,0.07667532467532467,0.07533733766233765,0.07809123376623377,0.07812223921980609,77
1000,-6.299999999999999,0.07824675324675326,0.07690909090909091,0.07966233766233768,0.07936170733847471,77
1000,-6.199999999999999,0.07941558441558443,0.07811655844155846,0.08079253246753249,0.08064104268465222,77
1000,-6.1,0.08089610389610391,0.07955811688311687,0.08227337662337661,0.08196218263384139,77
1000,-6.0,0.08222077922077926,0.08084383116883116,0.08363668831168834,0.08332718908322842,77
1000,-5.899999999999999,0.08359740259740261,0.08224642857142857,0.08500032467532467,0.08473825809763054,77
1000,-5.799999999999999,0.08527272727272725,0.08381818181818183,0.0867272727272727,0.08619773037996997,77
1000,-5.699999999999999,0.08658441558441557,0.0851818181818182,0.08802597402597401,0.08770810263543116,77
1000,-5.6,0.08777922077922076,0.08631136363636363,0.08927272727272725,0.08927203990266241,77
1000,-5.5,0.08964935064935067,0.08806461038961039,0.09126006493506493,0.0908923889293492,77
1000,-5.399999999999999,0.09122077922077929,0.08957142857142858,0.09293506493506493,0.09257219267303321,77
1000,-5.299999999999999,0.0930779220779221,0.09141558441558441,0.09483116883116882,0.09431470601095494,77
1000,-5.199999999999999,0.09512987012987015,0.09344155844155845,0.09685714285714284,0.09612341274467356,77
1000,-5.1,0.09671428571428572,0.09501298701298702,0.09845454545454543,0.09800204398590645,77
1000,-5.0,0.09851948051948056,0.09684415584415586,0.10019480519480518,0.09995459800899031,77
1000,-4.899999999999999,0.10024675324675325,0.09853246753246755,0.10194837662337661,0.10198536165204806,77
1000,-4.799999999999999,0.10214285714285717,0.10042857142857144,0.10384415584415582,0.10409893334268339,77
1000,-4.699999999999999,0.10427272727272725,0.10264902597402596,0.10590909090909091,0.10630024781401047,77
1000,-4.6,0.10677922077922085,0.10516883116883118,0.1084159090909091,0.10859460256208363,77
1000,-4.5,0.10880519480519485,0.10716850649350648,0.11040259740259739,0.11098768607516492,77
1000,-4.399999999999999,0.11124675324675327,0.10955844155844158,0.11284448051948051,0.11348560783738303,77
1000,-4.299999999999999,0.1138051948051948,0.11211655844155843,0.11542857142857145,0.11609493007258964,77
1000,-4.199999999999999,0.11648051948051949,0.11475292207792208,0.11816915584415585,0.1188227011467537,77
1000,-4.1,0.11948051948051952,0.11774025974025976,0.12120811688311692,0.12167649048691542,77
1000,-4.0,0.1222987012987013,0.1205448051948052,0.12403896103896106,0.12466442479915875,77
1000,-3.8999999999999986,0.12564935064935065,0.12387012987012988,0.1274029220779221,0.12779522527457982,77
1000,-3.799999999999999,0.1293376623376624,0.12759740259740263,0.13103928571428575,0.13107824535794163,77
1000,-3.6999999999999993,0.13325974025974033,0.1315584415584416,0.13490941558441563,0.1345235085155456,77
1000,-3.5999999999999996,0.13667532467532464,0.13502564935064934,0.13827305194805195,0.1381417452736923,77
1000,-3.5,0.14045454545454553,0.13876623376623382,0.14211720779220785,0.14194442860392112,77
1000,-3.3999999999999986,0.14458441558441554,0.1427662337662338,0.14629870129870126,0.14594380650331393,77
1000,-3.299999999999999,0.14881818181818177,0.14703896103896105,0.15048084415584423,0.150152930355478,77
1000,-3.1999999999999993,0.1531038961038961,0.1511944805194805,0.15488311688311687,0.15458567735943776,77
1000,-3.0999999999999996,0.15777922077922069,0.15596071428571429,0.15958441558441552,0.15925676498025454,77
1000,-3.0,0.16244155844155844,0.16051883116883114,0.16424675324675325,0.16418175500982207,77
1000,-2.8999999999999986,0.16811688311688308,0.1660779220779221,0.16996103896103895,0.16937704443523158,77
1000,-2.799999999999999,0.17325974025974028,0.1712077922077922,0.17515616883116886,0.17485983990588888,77
1000,-2.6999999999999993,0.1793376623376624,0.17720746753246755,0.18132467532467536,0.18064811218512525,77
1000,-2.5999999999999996,0.18607792207792204,0.18375324675324678,0.18825974025974027,0.18676052658989672,77
1000,-2.5,0.19132467532467531,0.18893474025974025,0.19358474025974035,0.19321634509369578,77
1000,-2.3999999999999986,0.19809090909090912,0.195739935064935,0.20037662337662338,0.20003529553220692,77
1000,-2.299999999999999,0.20584415584415583,0.20337564935064933,0.20814350649350657,0.207237403257263,77
1000,-2.1999999999999993,0.2144025974025975,0.21201298701298704,0.21683116883116887,0.21484278069049179,77
1000,-2.0999999999999996,0.2225584415584415,0.22002597402597404,0.22501363636363642,0.22287137060023432,77
1000,-2.0,0.23146753246753238,0.228987012987013,0.23372727272727273,0.23134263963622595,77
1000,-1.8999999999999986,0.24005194805194807,0.23780487012987003,0.24225974025974029,0.2402752197797528,77
1000,-1.799999999999999,0.24953246753246755,0.2473113636363637,0.25176655844155843,0.24968649697051884,77
1000,-1.6999999999999993,0.2594805194805195,0.2573376623376623,0.26176623376623365,0.2595921483081773,77
1000,-1.5999999999999996,0.2696363636363636,0.26727240259740254,0.27218181818181814,0.27000563192211113,77
1000,-1.5,0.28025974025974026,0.277974025974026,0.28264967532467533,0.28093763684207734,77
1000,-1.3999999999999986,0.2920129870129871,0.28980519480519484,0.29438961038961037,0.2923955039129091,77
1000,-1.299999999999999,0.30407792207792206,0.3017269480519481,0.30658538961038967,0.3043826328364466,77
1000,-1.1999999999999993,0.31607792207792207,0.31377889610389614,0.31836363636363635,0.31689789457049133,77
1000,-1.0999999999999996,0.32876623376623365,0.32637597402597396,0.33120779220779223,0.32993507226129837,77
1000,-1.0,0.3421558441558442,0.33993474025974013,0.3445064935064934,0.3434823572503344,77
1000,-0.8999999999999986,0.3562467532467532,0.35390844155844153,0.3585198051948052,0.3575219290405499,77
1000,-0.7999999999999989,0.3708961038961036,0.36845422077922074,0.37344155844155835,0.3720296489781469,77
1000,-0.6999999999999993,0.3850649350649351,0.3827659090909092,0.38748084415584433,0.38697489638439964,77
1000,-0.5999999999999996,0.40089610389610386,0.3985064935064936,0.4034415584415585,0.4023205726400002,77
1000,-0.5,0.4163116883116883,0.4140646103896104,0.4187532467532466,0.41802329313067366,77
1000,-0.3999999999999986,0.43328571428571444,0.43099967532467537,0.4357275974025974,0.43403377908390606,77
1000,-0.29999999999999893,0.44949350649350645,0.4471035714285714,0.4521172077922079,0.45029745150579603,77
1000,-0.1999999999999993,0.46396103896103896,0.46141558441558456,0.4668701298701298,0.4667552182802637,77
1000,-0.09999999999999964,0.480935064935065,0.4784545454545454,0.48359740259740264,0.48334443387300485,77
1000,0.0,0.49780519480519486,0.49518116883116886,0.5004935064935063,0.5,77
1000,0.10000000000000142,0.5144805194805196,0.5118827922077923,0.517221103896104,0.5166555661269951,77
1000,0.1999999999999993,0.5312077922077926,0.5289347402597402,0.5335977272727274,0.5332447817197363,77
1000,0.3000000000000007,0.5477532467532467,0.5453762987012988,0.5500652597402599,0.5497025484942044,77
1000,0.40000000000000213,0.5646233766233765,0.5622727272727271,0.566896103896104,0.5659662209160945,77
1000,0.5,0.5808961038961039,0.5783896103896106,0.5833376623376625,0.5819767068693265,77
1000,0.6000000000000014,0.5963246753246755,0.5938178571428573,0.5987925324675324,0.5976794273599998,77
1000,0.6999999999999993,0.6117922077922076,0.6091948051948053,0.6142600649350647,0.6130251036156004,77
1000,0.8000000000000007,0.6271818181818182,0.6245324675324675,0.6296889610389611,0.6279703510218534,77
1000,0.9000000000000021,0.6415454545454545,0.6387142857142858,0.6441948051948052,0.6424780709594506,77
1000,1.0,0.655909090909091,0.6533892857142859,0.6584285714285716,0.6565176427496657,77
1000,1.1000000000000014,0.6692597402597402,0.6667529220779219,0.6718314935064935,0.6700649277387019,77
1000,1.1999999999999993,0.6834415584415584,0.6811295454545454,0.6857146103896102,0.6831021054295086,77
1000,1.3000000000000007,0.6963636363636364,0.6938571428571428,0.6988704545454544,0.6956173671635535,77
1000,1.4000000000000021,0.708922077922078,0.7062594155844157,0.7114935064935065,0.7076044960870913,77
1000,1.5,0.7214285714285712,0.7190779220779221,0.7236623376623377,0.7190623631579227,77
1000,1.6000000000000014,0.7320779220779219,0.729779220779221,0.7344025974025974,0.7299943680778889,77
1000,1.6999999999999993,0.7425844155844153,0.7402467532467536,0.7450129870129871,0.7404078516918227,77
1000,1.8000000000000007,0.7523896103896104,0.7501162337662336,0.7547405844155843,0.7503135030294814,77
1000,1.9000000000000021,0.7615974025974026,0.7591688311688313,0.7639350649350651,0.7597247802202476,77
1000,2.0,0.7709870129870132,0.7687529220779221,0.7732733766233764,0.7686573603637741,77
1000,2.1000000000000014,0.7792077922077923,0.7773246753246755,0.7811038961038962,0.7771286293997659,77
1000,2.1999999999999993,0.7873376623376622,0.785493181818182,0.7891172077922078,0.7851572193095082,77
1000,2.3000000000000007,0.7949350649350646,0.7930909090909094,0.7967795454545455,0.7927625967427371,77
1000,2.400000000000002,0.8016883116883119,0.799765909090909,0.8035324675324672,0.7999647044677934,77
1000,2.5,0.8088701298701297,0.8068438311688313,0.8108185064935065,0.8067836549063043,77
1000,2.6000000000000014,0.8153636363636365,0.8133499999999999,0.8172337662337662,0.8132394734101035,77
1000,2.6999999999999993,0.8218311688311694,0.8199480519480519,0.8235850649350651,0.8193518878148748,77
1000,2.8000000000000007,0.8279350649350653,0.825961038961039,0.8298185064935064,0.8251401600941112,77
1000,2.900000000000002,0.833285714285715,0.8313246753246752,0.8352470779220778,0.8306229555647686,77
1000,3.0,0.8382337662337663,0.8363113636363638,0.840234090909091,0.835818244990178,77
1000,3.1000000000000014,0.8428051948051948,0.8408568181818181,0.8447662337662338,0.8407432350197455,77
1000,3.200000000000003,0.8474285714285714,0.8456233766233762,0.8493253246753246,0.8454143226405625,77
1000,3.3000000000000007,0.8515064935064935,0.8497272727272729,0.853298701298701,0.8498470696445221,77
1000,3.400000000000002,0.8555974025974025,0.8538435064935063,0.8574675324675325,0.8540561934966862,77
1000,3.5,0.8602727272727267,0.8585194805194808,0.8621038961038959,0.8580555713960789,77
1000,3.6000000000000014,0.8644025974025974,0.862701298701299,0.8660912337662339,0.8618582547263078,77
1000,3.700000000000003,0.8684285714285714,0.8668438311688312,0.8699999999999999,0.8654764914844546,77
1000,3.8000000000000007,0.8715194805194807,0.8699087662337662,0.8731301948051947,0.8689217546420585,77
1000,3.900000000000002,0.8745714285714283,0.872843831168831,0.8761948051948053,0.8722047747254202,77
1000,4.0,0.8778441558441558,0.8761298701298703,0.8795457792207795,0.8753355752008412,77
1000,4.100000000000001,0.8810779220779223,0.8793113636363639,0.8827272727272728,0.8783235095130847,77
1000,4.200000000000003,0.883727272727273,0.8820389610389611,0.8853636363636365,0.8811772988532464,77
1000,4.300000000000001,0.8866623376623376,0.8849737012987013,0.8883116883116882,0.8839050699274105,77
1000,4.400000000000002,0.8896233766233771,0.8880519480519483,0.8911168831168832,0.8865143921626171,77
1000,4.5,0.8920649350649353,0.8904025974025976,0.8935974025974027,0.8890123139248349,77
1000,4.600000000000001,0.8944285714285716,0.8928568181818183,0.8959220779220781,0.8914053974379165,77
1000,4.700000000000003,0.8965454545454548,0.8949737012987011,0.8980133116883118,0.8936997521859896,77
1000,4.800000000000001,0.8981818181818185,0.8965194805194806,0.8997142857142857,0.8959010666573167,77
1000,4.900000000000002,0.9001818181818184,0.8985711038961038,0.9016363636363638,0.898014638347952,77
1000,5.0,0.9021428571428571,0.9006753246753247,0.9034415584415585,0.9000454019910097,77
1000,5.100000000000001,0.9037272727272728,0.9021944805194805,0.9050655844155846,0.9019979560140935,77
1000,5.200000000000003,0.9056363636363639,0.9040516233766234,0.907051948051948,0.9038765872553264,77
1000,5.300000000000001,0.9074415584415587,0.905948051948052,0.9087405844155847,0.9056852939890452,77
1000,5.400000000000002,0.9094285714285716,0.9079740259740264,0.9107405844155846,0.9074278073269668,77
1000,5.5,0.9106753246753249,0.9091818181818183,0.911987012987013,0.9091076110706507,77
1000,5.600000000000001,0.9120909090909088,0.9106233766233768,0.9134159090909092,0.9107279600973376,77
1000,5.700000000000003,0.9134285714285717,0.9119740259740261,0.9147012987012988,0.912291897364569,77
1000,5.800000000000001,0.9145584415584418,0.9130642857142859,0.9158441558441561,0.9138022696200302,77
1000,5.900000000000002,0.9159610389610389,0.9145974025974026,0.9172727272727275,0.9152617419023694,77
1000,6.0,0.9173896103896103,0.9160386363636366,0.9185974025974026,0.9166728109167716,77
1000,6.100000000000001,0.9184935064935066,0.9171818181818183,0.9196366883116884,0.9180378173661586,77
1000,6.200000000000003,0.9198441558441559,0.9185451298701298,0.9210129870129871,0.9193589573153478,77
1000,6.300000000000001,0.9210389610389611,0.9197662337662338,0.9222087662337664,0.9206382926615253,77
1000,6.400000000000002,0.9221818181818178,0.9209610389610389,0.9233896103896105,0.9218777607801938,77
1000,6.5,0.9235064935064933,0.9222077922077924,0.9247538961038961,0.9230791834114391,77
1000,6.600000000000001,0.9247532467532467,0.9234542207792209,0.925948051948052,0.9242442748470467,77
1000,6.700000000000003,0.9257532467532466,0.9244155844155846,0.927000324675325,0.9253746494747661,77
1000,6.800000000000001,0.9266363636363633,0.9252724025974027,0.9279487012987017,0.9264718287319129,77
1000,6.900000000000002,0.9274675324675329,0.9261298701298705,0.9288055194805198,0.9275372475165605,77
1000,7.0,0.9284415584415587,0.927116558441559,0.9296886363636366,0.928572260100839,77
1000,7.100000000000001,0.9294025974025979,0.9281168831168831,0.9306883116883118,0.9295781455873303,77
1000,7.200000000000003,0.9303896103896108,0.9289870129870131,0.9317275974025976,0.9305561129462356,77
1000,7.300000000000001,0.9314025974025977,0.9300909090909092,0.9327016233766233,0.9315073056679135,77
1000,7.400000000000002,0.932155844155844,0.9308701298701301,0.9333896103896104,0.93243280606251,77
1000,7.5,0.9328831168831166,0.9315581168831167,0.9341431818181816,0.9333336392357474,77
1000,7.600000000000001,0.9336363636363636,0.9322857142857144,0.9348961038961039,0.9342107767674893,77
1000,7.700000000000003,0.9347402597402596,0.9333896103896104,0.9360519480519478,0.9350651401174347,77
1000,7.800000000000001,0.9354025974025973,0.9340909090909091,0.9367146103896105,0.9358976037802171,77
1000,7.900000000000002,0.9362597402597406,0.9349220779220779,0.9375327922077925,0.9367089982102853,77
1000,8.0,0.9372987012987013,0.9359740259740261,0.9385974025974027,0.9375001125351874,77
1000,8.100000000000001,0.9382337662337662,0.936922077922078,0.9395068181818182,0.9382716970742885,77
1000,8.200000000000003,0.9391428571428567,0.9378571428571433,0.9404159090909092,0.9390244656784917,77
1000,8.3,0.9398701298701294,0.9386493506493508,0.9410779220779221,0.9397590979051956,77
1000,8.400000000000002,0.9407012987012985,0.9394285714285716,0.9419350649350652,0.9404762410415066,77
1000,8.5,0.9415064935064931,0.9401948051948054,0.9428051948051949,0.9411765119876141,77
1000,8.600000000000001,0.9420519480519478,0.940727272727273,0.9433636363636362,0.9418604990112235,77
1000,8.700000000000003,0.942896103896104,0.9416360389610389,0.9441298701298702,0.9425287633830172,77
1000,8.8,0.9434675324675323,0.9422077922077923,0.9447012987012987,0.9431818409022786,77
1000,8.900000000000002,0.9439350649350651,0.9426883116883117,0.9451824675324678,0.9438202433210409,77
1000,9.0,0.9445974025974027,0.9433766233766236,0.945831168831169,0.9444444596744244,77
1000,9.100000000000001,0.9449480519480521,0.9437399350649351,0.9461688311688311,0.945054957524198,77
1000,9.200000000000003,0.9456233766233765,0.9444412337662336,0.9468444805194806,0.9456521841220042,77
1000,9.3,0.9464545454545454,0.9452853896103895,0.9476363636363635,0.9462365674981752,77
1000,9.400000000000002,0.9470909090909091,0.9459350649350651,0.948272727272727,0.9468085174815689,77
1000,9.5,0.9475324675324674,0.9463506493506493,0.9487012987012985,0.9473684266554281,77
1000,9.600000000000001,0.948077922077922,0.9469090909090909,0.949260064935065,0.9479166712538484,77
1000,9.700000000000003,0.9485194805194805,0.9473889610389608,0.9496623376623374,0.9484536120030895,77
1000,9.8,0.9488961038961037,0.9478051948051948,0.9500129870129868,0.9489795949116147,77
1000,9.900000000000002,0.9494805194805195,0.9484155844155842,0.9505974025974027,0.9494949520124484,77
1000,10.0,0.9497662337662336,0.9486883116883114,0.9509220779220776,0.9500000020611536,77
1000,10.100000000000001,0.9500519480519478,0.9489480519480519,0.9511948051948049,0.9504950511924803,77
1000,10.200000000000003,0.9505974025974024,0.9494675324675326,0.9516886363636361,0.9509803935384954,77
1000,10.3,0.9510909090909092,0.9499737012987012,0.952207792207792,0.9514563118107968,77
1000,10.400000000000002,0.9515714285714286,0.9504285714285714,0.9526886363636362,0.951923077849213,77
1000,10.5,0.9521688311688311,0.9510256493506489,0.9533116883116882,0.9523809531392085,77
1000,10.600000000000001,0.9527402597402597,0.9515584415584415,0.9538831168831169,0.9528301893000529,77
1000,10.700000000000003,0.953155844155844,0.951947727272727,0.9543246753246751,0.9532710285456575,77
1000,10.8,0.9536493506493506,0.9524805194805196,0.9548181818181819,0.9537037041198435,77
1000,10.900000000000002,0.954168831168831,0.9530259740259741,0.9553376623376624,0.9541284407076789,77
1000,11.0,0.9544025974025975,0.9532597402597404,0.9555714285714285,0.9545454548244015,77
1000,11.100000000000001,0.9547402597402599,0.953571103896104,0.9559220779220781,0.9549549551833374,77
1000,11.200000000000003,0.9552077922077924,0.9540383116883119,0.9563896103896107,0.9553571430441267,77
1000,11.3,0.955597402597403,0.95441525974026,0.9567665584415588,0.9557522125424699,77
1000,11.400000000000002,0.9559610389610395,0.954779220779221,0.9571428571428573,0.9561403510025318,77
1000,11.5,0.9562987012987018,0.9551035714285717,0.9574805194805197,0.9565217392330536,77
1000,11.600000000000001,0.9568181818181823,0.9556753246753249,0.958,0.9568965518081551,77
1000,11.700000000000003,0.9571818181818188,0.9560129870129874,0.9583120129870133,0.9572649573337447,77
1000,11.8,0.9576233766233772,0.9565324675324677,0.9587275974025976,0.9576271187003863,77
1000,11.900000000000002,0.9578311688311693,0.9567139610389612,0.9589487012987019,0.9579831933234205,77
1000,12.0,0.9581168831168836,0.9570259740259743,0.9592207792207792,0.9583333333710847,77
1000,12.100000000000001,0.9585844155844161,0.9574935064935068,0.9596883116883118,0.9586776859813214,77
1000,12.200000000000003,0.9589220779220783,0.9578701298701301,0.9599740259740263,0.9590163934679286,77
1000,12.3,0.9592207792207794,0.9581685064935067,0.9602727272727275,0.9593495935166535,77
1000,12.400000000000002,0.9596103896103896,0.9585584415584419,0.9606493506493509,0.9596774193718016,77
1000,12.5,0.9598441558441558,0.958766233766234,0.9609220779220781,0.960000000013888,77
1000,12.600000000000001,0.9601818181818179,0.9591298701298703,0.9612340909090911,0.9603174603288308,77
1000,12.700000000000003,0.9604675324675321,0.9593506493506494,0.9615717532467535,0.9606299212691519,77
1000,12.8,0.9607792207792206,0.9597012987012988,0.9618831168831168,0.9609375000076219,77
1000,12.900000000000002,0.961103896103896,0.9600259740259742,0.9621818181818181,0.9612403100837598,77
1000,13.0,0.9614415584415583,0.9604025974025973,0.9624675324675322,0.9615384615435708,77
1000,13.100000000000001,0.9619090909090906,0.9608701298701299,0.9630129870129868,0.9618320610728854,77
1000,13.200000000000003,0.9621168831168827,0.9610775974025975,0.963194805194805,0.962121212124637,77
1000,13.3,0.962402597402597,0.9613762987012986,0.9634545454545452,0.9624060150403979,77
1000,13.400000000000002,0.9625324675324675,0.9614931818181818,0.9635844155844152,0.9626865671664748,77
1000,13.5,0.962818181818182,0.961766233766234,0.9638571428571429,0.9629629629648426,77
1000,13.600000000000001,0.9630000000000003,0.961986688311688,0.9640129870129868,0.9632352941191861,77
1000,13.700000000000003,0.9632597402597407,0.9622467532467529,0.964260064935065,0.9635036496362964,77
1000,13.8,0.9635194805194809,0.9625454545454547,0.9645324675324675,0.9637681159430606,77
1000,13.900000000000002,0.9638181818181821,0.9628571428571431,0.9648441558441555,0.9640287769792619,77
1000,14.0,0.9641298701298705,0.963168831168831,0.9651168831168832,0.9642857142864057,77
1000,14.100000000000001,0.9642337662337666,0.9632597402597401,0.9652207792207791,0.9645390070927649,77
1000,14.200000000000003,0.9645194805194807,0.9636103896103894,0.9654938311688311,0.9647887323948299,77
1000,14.3,0.964857142857143,0.963961038961039,0.9658051948051943,0.9650349650353445,77
1000,14.400000000000002,0.9651948051948053,0.9642987012987013,0.9661301948051948,0.9652777777780884,77
1000,14.5,0.9655194805194803,0.9646233766233764,0.9664675324675321,0.9655172413795649,77
1000,14.600000000000001,0.9657142857142859,0.9648311688311687,0.9666233766233765,0.9657534246577425,77
1000,14.700000000000003,0.966077922077922,0.965207792207792,0.9669483766233768,0.9659863945579936,77
1000,14.8,0.9663636363636363,0.9654805194805194,0.967272727272727,0.9662162162163559,77
1000,14.900000000000002,0.9666363636363636,0.9657012987012987,0.9675454545454544,0.9664429530202486,77
1000,15.0,0.9669480519480518,0.9660386363636361,0.9678441558441556,0.9666666666667604,77
1000,15.100000000000001,0.967181818181818,0.9662594155844155,0.968077922077922,0.9668874172186197,77
1000,15.200000000000003,0.9674155844155841,0.9665061688311687,0.9683120129870131,0.9671052631579575,77
1000,15.3,0.9676883116883114,0.9667662337662336,0.9685974025974025,0.96732026143796,77
1000,15.400000000000002,0.9679740259740258,0.9670259740259739,0.9689090909090907,0.9675324675325098,77
1000,15.5,0.968155844155844,0.9672337662337662,0.9690779220779222,0.9677419354839054,77
1000,15.600000000000001,0.9684025974025973,0.9675194805194807,0.9692987012987011,0.9679487179487462,77
1000,15.700000000000003,0.9685584415584415,0.9677012987012987,0.9694159090909091,0.9681528662420613,77
1000,15.8,0.9687662337662336,0.9679350649350648,0.9695850649350649,0.9683544303797658,77
1000,15.900000000000002,0.9689740259740258,0.9681688311688312,0.9698181818181816,0.9685534591195124,77
1000,16.0,0.969155844155844,0.9683892857142855,0.9699483766233765,0.9687500000000127,77
3000,-16.0,0.03082251082251083,0.030268398268398274,0.03139404761904763,0.031249999999987337,77
3000,-15.9,0.031099567099567106,0.030541017316017317,0.0317012987012987,0.03144654088048768,77
3000,-15.8,0.03133333333333334,0.030783441558441562,0.03191363636363637,0.031645569620234265,77
3000,-15.7,0.03148051948051948,0.030934956709956704,0.03206060606060606,0.031847133757938705,77
3000,-15.6,0.031662337662337656,0.03111233766233766,0.03223841991341992,0.03205128205125387,77
3000,-15.5,0.03183549783549783,0.03128982683982683,0.032420021645021654,0.03225806451609461,77
3000,-15.4,0.03207792207792208,0.03151082251082253,0.03266666666666668,0.032467532467490415,77
3000,-15.3,0.0322943722943723,0.031709956709956716,0.032870129870129876,0.03267973856204015,77
3000,-15.2,0.03245021645021646,0.03187878787878788,0.03302597402597403,0.032894736842042534,77
3000,-15.1,0.032632034632034644,0.03206926406926408,0.03321645021645022,0.033112582781380344,77
3000,-15.0,0.03280519480519481,0.032242207792207794,0.03335941558441558,0.033333333333239755,77
3000,-14.9,0.03301298701298701,0.03246320346320347,0.03355432900432902,0.033557046979751474,77
3000,-14.8,0.0331948051948052,0.03264491341991342,0.033749025974025966,0.03378378378364418,77
3000,-14.7,0.03339393939393939,0.03283538961038961,0.03394805194805195,0.034013605442006364,77
3000,-14.6,0.033575757575757585,0.03300000000000001,0.03415584415584416,0.034246575342257495,77
3000,-14.5,0.03384848484848485,0.03328571428571429,0.03443722943722943,0.03448275862043529,77
3000,-14.4,0.03408225108225111,0.033515151515151526,0.034619047619047626,0.03472222222191154,77
3000,-14.3,0.03422943722943725,0.033679653679653684,0.034770670995671,0.03496503496465549,77
3000,-14.2,0.0344805194805195,0.03394794372294374,0.03502175324675326,0.03521126760517032,77
3000,-14.1,0.03474891774891777,0.03420346320346321,0.0352943722943723,0.03546099290723532,77
3000,-14.0,0.035069264069264076,0.03453679653679654,0.0355974025974026,0.03571428571359427,77
3000,-13.9,0.03542857142857143,0.034887445887445905,0.0359741341991342,0.035971223020738206,77
3000,-13.8,0.03561904761904761,0.03508658008658009,0.03614718614718614,0.03623188405693951,77
3000,-13.7,0.03586147186147186,0.03533766233766235,0.03637662337662338,0.03649635036370362,77
3000,-13.6,0.0361038961038961,0.03557564935064935,0.036627922077922086,0.03676470588081412,77
3000,-13.5,0.036354978354978355,0.03581818181818182,0.03689177489177489,0.037037037035157504,77
3000,-13.4,0.0365974025974026,0.03605627705627705,0.03715151515151515,0.03731343283352523,77
3000,-13.3,0.03685714285714286,0.03631158008658008,0.03741136363636362,0.03759398495960208,77
3000,-13.2,0.037125541125541124,0.036575757575757574,0.03767121212121212,0.037878787875363154,77
3000,-13.1,0.037437229437229436,0.03689610389610389,0.037987012987012986,0.038167938927114745,77
3000,-13.0,0.037740259740259734,0.03717316017316017,0.03830313852813853,0.03846153845642938,77
3000,-12.9,0.038012987012987005,0.037445887445887435,0.03858008658008657,0.03875968991624036,77
3000,-12.8,0.0383073593073593,0.037735930735930734,0.03888311688311688,0.03906249999237813,77
3000,-12.7,0.0385930735930736,0.038017316017316026,0.039151515151515166,0.039370078730848114,77
3000,-12.6,0.038818181818181814,0.03822932900432901,0.03939837662337662,0.03968253967116919,77
3000,-12.5,0.03916883116883118,0.038580086580086576,0.03973593073593073,0.039999999986112054,77
3000,-12.4,0.039467532467532464,0.038891666666666665,0.04003030303030301,0.04032258062819852,77
3000,-12.3,0.03980519480519481,0.03923376623376623,0.04037673160173158,0.04065040648334666,77
3000,-12.2,0.040164502164502174,0.03956709956709957,0.040757575757575756,0.040983606532071566,77
3000,-12.1,0.04063203463203463,0.040069047619047615,0.041199134199134194,0.04132231401867859,77
3000,-12.0,0.040965367965367955,0.040380952380952385,0.04155844155844156,0.04166666662891532,77
3000,-11.899999999999999,0.041268398268398274,0.04067521645021645,0.0418615800865801,0.042016806676579484,77
3000,-11.8,0.04164935064935066,0.04105194805194807,0.04224686147186149,0.042372881299613814,77
3000,-11.7,0.04210822510822511,0.04149339826839828,0.042692748917748935,0.0427350426662553,77
3000,-11.6,0.04253246753246753,0.04193939393939394,0.04309101731601732,0.04310344819184491,77
3000,-11.5,0.04286580086580087,0.04229437229437231,0.04341136363636362,0.04347826076694642,77
3000,-11.399999999999999,0.04328138528138529,0.04271850649350649,0.04381396103896104,0.043859648997468144,77
3000,-11.3,0.04364502164502167,0.04310389610389612,0.044177705627705635,0.04424778745753021,77
3000,-11.2,0.04403896103896105,0.04347619047619048,0.0445887445887446,0.04464285695587351,77
3000,-11.1,0.0444978354978355,0.04395660173160173,0.04503463203463204,0.045045044816662716,77
3000,-11.0,0.044935064935064946,0.04436796536796538,0.04548928571428572,0.045454545175598646,77
3000,-10.899999999999999,0.045428571428571436,0.044883008658008657,0.0459396103896104,0.045871559292321125,77
3000,-10.8,0.04587878787878787,0.04532034632034632,0.04639837662337662,0.04629629588015655,77
3000,-10.7,0.0462943722943723,0.04573582251082251,0.04683138528138529,0.0467289714543426,77
3000,-10.6,0.046839826839826834,0.04630735930735932,0.047381060606060614,0.047169810699947176,77
3000,-10.5,0.04726406926406925,0.046709956709956715,0.047813852813852815,0.047619046860791575,77
3000,-10.399999999999999,0.04770562770562769,0.04713419913419913,0.048268398268398266,0.048076922150787064,77
3000,-10.3,0.04815151515151516,0.047575757575757584,0.04871861471861472,0.04854368818920326,77
3000,-10.2,0.04867965367965367,0.0480909090909091,0.049264177489177496,0.04901960646150467,77
3000,-10.1,0.04913419913419913,0.04854112554112556,0.04973160173160173,0.04950494880751965,77
3000,-10.0,0.04955844155844155,0.04897391774891775,0.05016450216450217,0.04999999793884637,77
3000,-9.899999999999999,0.05005194805194805,0.049467532467532487,0.05064512987012987,0.05050504798755179,77
3000,-9.8,0.050658008658008645,0.05005194805194806,0.051242424242424256,0.05102040508838541,77
3000,-9.7,0.0511082251082251,0.050502164502164514,0.051692748917748915,0.051546387996910546,77
3000,-9.6,0.05158441558441557,0.050982683982684004,0.05219047619047618,0.05208332874615157,77
3000,-9.5,0.052034632034632024,0.05144155844155844,0.052627705627705634,0.05263157334457195,77
3000,-9.399999999999999,0.05262337662337663,0.052030303030303045,0.053194805194805184,0.05319148251843107,77
3000,-9.3,0.053212121212121224,0.05259740259740261,0.05379664502164503,0.05376343250182487,77
3000,-9.2,0.05393073593073594,0.053320238095238094,0.054532575757575766,0.0543478158779957,77
3000,-9.1,0.05433766233766233,0.05369253246753247,0.05494816017316016,0.054945042475802,77
3000,-9.0,0.05497835497835498,0.05433755411255413,0.05560205627705629,0.055555540325575574,77
3000,-8.899999999999999,0.05557575757575758,0.05493041125541125,0.056186147186147194,0.056179756678959275,77
3000,-8.8,0.056303030303030306,0.055631926406926414,0.056943831168831185,0.05681815909772137,77
3000,-8.7,0.05691774891774892,0.05624675324675325,0.05754545454545454,0.057471236616982904,77
3000,-8.6,0.057666666666666686,0.05698647186147186,0.05829870129870131,0.058139500988776516,77
3000,-8.5,0.058359307359307375,0.057644913419913416,0.059017424242424246,0.0588234880123858,77
3000,-8.399999999999999,0.05906060606060607,0.058315909090909106,0.05977077922077924,0.059523758958493496,77
3000,-8.3,0.05982251082251081,0.05906060606060606,0.06057608225108225,0.06024090209480451,77
3000,-8.2,0.06068398268398269,0.0598917748917749,0.06146331168831171,0.06097553432150838,77
3000,-8.1,0.061376623376623377,0.060571428571428575,0.06214740259740259,0.06172830292571156,77
3000,-8.0,0.062138528138528146,0.06136331168831169,0.0628659090909091,0.062499887464812616,77
3000,-7.9,0.06283116883116883,0.06201731601731602,0.0635974025974026,0.06329100178971464,77
3000,-7.799999999999999,0.06360173160173159,0.06280497835497836,0.06438982683982683,0.06410239621978292,77
3000,-7.699999999999999,0.06448484848484846,0.0636017316017316,0.06532045454545454,0.06493485988256534,77
3000,-7.6,0.06529004329004327,0.06439383116883117,0.06612564935064935,0.06578922323251056,77
3000,-7.5,0.0662164502164502,0.06533322510822513,0.06704772727272729,0.06666636076425259,77
3000,-7.4,0.06696969696969697,0.06610367965367966,0.06774458874458875,0.06756719393748997,77
3000,-7.299999999999999,0.06797402597402596,0.06712554112554114,0.06879675324675326,0.06849269433208646,77
3000,-7.199999999999999,0.06903030303030304,0.06819469696969696,0.06984859307359308,0.06944388705376449,77
3000,-7.1,0.06993939393939394,0.06912121212121212,0.07075757575757576,0.07042185441266972,77
3000,-7.0,0.07091774891774892,0.0700822510822511,0.071740367965368,0.07142773989916087,77
3000,-6.9,0.07216017316017316,0.07134188311688312,0.07299577922077924,0.07246275248343952,77
3000,-6.799999999999999,0.07325108225108225,0.07242413419913421,0.07409090909090911,0.07352817126808711,77
3000,-6.699999999999999,0.07444588744588741,0.07355833333333334,0.07533333333333334,0.07462535052523399,77
3000,-6.6,0.07557142857142857,0.07469675324675326,0.07644177489177491,0.07575572515295345,77
3000,-6.5,0.07670995670995671,0.07582683982683984,0.0776017316017316,0.07692081658856084,77
3000,-6.399999999999999,0.07803463203463204,0.07715151515151515,0.07892218614718616,0.07812223921980609,77
3000,-6.299999999999999,0.07960173160173162,0.07873582251082249,0.08047619047619048,0.07936170733847471,77
3000,-6.199999999999999,0.08072294372294372,0.07988300865800867,0.08155411255411257,0.08064104268465222,77
3000,-6.1,0.08203463203463204,0.08119036796536794,0.08286580086580085,0.08196218263384139,77
3000,-6.0,0.08334199134199133,0.0824935064935065,0.08417748917748916,0.08332718908322842,77
3000,-5.899999999999999,0.08478787878787877,0.08397391774891774,0.08562770562770561,0.08473825809763054,77
3000,-5.799999999999999,0.0862251082251082,0.08542424242424243,0.0870433982683983,0.08619773037996997,77
3000,-5.699999999999999,0.08767965367965365,0.08688744588744589,0.08849794372294374,0.08770810263543116,77
3000,-5.6,0.08916017316017315,0.08838517316017318,0.08993073593073594,0.08927203990266241,77
3000,-5.5,0.09066666666666666,0.08990021645021644,0.09139393939393939,0.0908923889293492,77
3000,-5.399999999999999,0.09256277056277054,0.09183116883116882,0.09329458874458875,0.09257219267303321,77
3000,-5.299999999999999,0.0942337662337662,0.09347619047619046,0.09505638528138528,0.09431470601095494,77
3000,-5.199999999999999,0.09597835497835501,0.09523787878787877,0.09675335497835498,0.09612341274467356,77
3000,-5.1,0.09771428571428571,0.09693939393939392,0.0985151515151515,0.09800204398590645,77
3000,-5.0,0.09968398268398265,0.09887857142857144,0.10051958874458876,0.09995459800899031,77
3000,-4.899999999999999,0.10176623376623375,0.10095238095238096,0.10264956709956707,0.10198536165204806,77
3000,-4.799999999999999,0.10381818181818185,0.10299978354978355,0.10467099567099564,0.10409893334268339,77
3000,-4.699999999999999,0.10600000000000004,0.10511244588744591,0.1069309523809524,0.10630024781401047,77
3000,-4.6,0.10838961038961037,0.10750194805194808,0.10934632034632036,0.10859460256208363,77
3000,-4.5,0.11089177489177493,0.10994372294372297,0.11188311688311688,0.11098768607516492,77
3000,-4.399999999999999,0.11338961038961042,0.1124284632034632,0.11442012987012988,0.11348560783738303,77
3000,-4.299999999999999,0.1158701298701298,0.11491774891774897,0.11686580086580087,0.11609493007258964,77
3000,-4.199999999999999,0.11863203463203467,0.11759718614718617,0.11967532467532467,0.1188227011467537,77
3000,-4.1,0.12136363636363633,0.12032456709956714,0.12239837662337666,0.12167649048691542,77
3000,-4.0,0.12422943722943726,0.12312110389610385,0.1253333333333333,0.12466442479915875,77
3000,-3.8999999999999986,0.1273896103896104,0.1261860389610389,0.12856277056277057,0.12779522527457982,77
3000,-3.799999999999999,0.13062770562770562,0.12942857142857145,0.1318270562770563,0.13107824535794163,77
3000,-3.6999999999999993,0.13393939393939394,0.1327748917748918,0.1351084415584416,0.1345235085155456,77
3000,-3.5999999999999996,0.13776190476190475,0.13665367965367967,0.13890064935064936,0.1381417452736923,77
3000,-3.5,0.1415584415584416,0.1404457792207792,0.14271883116883116,0.14194442860392112,77
3000,-3.3999999999999986,0.14580086580086576,0.14477045454545456,0.1468399350649351,0.14594380650331393,77
3000,-3.299999999999999,0.15007792207792203,0.1489608225108225,0.15119935064935064,0.150152930355478,77
3000,-3.1999999999999993,0.15436796536796535,0.153225,0.1554892857142858,0.15458567735943776,77
3000,-3.0999999999999996,0.15897402597402593,0.15788311688311696,0.16008668831168835,0.15925676498025454,77
3000,-3.0,0.16438961038961036,0.16328982683982685,0.1654935064935065,0.16418175500982207,77
3000,-2.8999999999999986,0.16964502164502174,0.1685452380952381,0.17076212121212125,0.16937704443523158,77
3000,-2.799999999999999,0.17477922077922076,0.17372727272727279,0.17581385281385287,0.17485983990588888,77
3000,-2.6999999999999993,0.18067532467532463,0.17961471861471864,0.18173593073593072,0.18064811218512525,77
3000,-2.5999999999999996,0.18671428571428572,0.18556709956709955,0.1878399350649351,0.18676052658989672,77
3000,-2.5,0.1931948051948052,0.19205616883116886,0.1943161255411256,0.19321634509369578,77
3000,-2.3999999999999986,0.199995670995671,0.1988440476190476,0.20117316017316017,0.20003529553220692,77
3000,-2.299999999999999,0.20701731601731602,0.20585270562770566,0.20823809523809522,0.207237403257263,77
3000,-2.1999999999999993,0.2142640692640693,0.21313841991341992,0.21534231601731604,0.21484278069049179,77
3000,-2.0999999999999996,0.2220562770562771,0.22103008658008655,0.22305627705627706,0.22287137060023432,77
3000,-2.0,0.2302813852813853,0.2291165584415584,0.23139415584415585,0.23134263963622595,77
3000,-1.8999999999999986,0.23905194805194804,0.23773149350649345,0.2403204545454546,0.2402752197797528,77
3000,-1.799999999999999,0.2487142857142858,0.24735930735930742,0.25005205627705623,0.24968649697051884,77
3000,-1.6999999999999993,0.2585151515151515,0.25722932900432904,0.2597838744588744,0.2595921483081773,77
3000,-1.5999999999999996,0.26899134199134206,0.2675927489177489,0.27039426406926415,0.27000563192211113,77
3000,-1.5,0.28035930735930725,0.278991341991342,0.28177543290043283,0.28093763684207734,77
3000,-1.3999999999999986,0.2914415584415585,0.29003896103896104,0.2928403679653679,0.2923955039129091,77
3000,-1.299999999999999,0.30374025974025964,0.30235454545454543,0.3051518398268398,0.3043826328364466,77
3000,-1.1999999999999993,0.3169480519480521,0.31564480519480514,0.31827294372294374,0.31689789457049133,77
3000,-1.0999999999999996,0.3300519480519481,0.32865800865800876,0.33142002164502166,0.32993507226129837,77
3000,-1.0,0.3435670995670995,0.3420259740259741,0.345099567099567,0.3434823572503344,77
3000,-0.8999999999999986,0.35767532467532465,0.35612099567099553,0.35926417748917744,0.3575219290405499,77
3000,-0.7999999999999989,0.3727402597402597,0.37128549783549775,0.3742122294372294,0.3720296489781469,77
3000,-0.6999999999999993,0.3880952380952381,0.38666233766233765,0.3895238095238095,0.38697489638439964,77
3000,-0.5999999999999996,0.4032294372294371,0.40175324675324686,0.40467976190476196,0.4023205726400002,77
3000,-0.5,0.4191038961038961,0.41741991341991336,0.4207142857142857,0.41802329313067366,77
3000,-0.3999999999999986,0.43509956709956715,0.43364913419913426,0.4366406926406926,0.43403377908390606,77
3000,-0.29999999999999893,0.4510086580086581,0.4493719696969696,0.4527748917748918,0.45029745150579603,77
3000,-0.1999999999999993,0.467125541125541,0.4654414502164502,0.4689611471861473,0.4667552182802637,77
3000,-0.09999999999999964,0.4839696969696967,0.48228961038961043,0.48567965367965366,0.48334443387300485,77
3000,0.0,0.5006709956709958,0.49900865800865807,0.5024207792207792,0.5,77
3000,0.10000000000000142,0.5172337662337664,0.5156787878787878,0.5188617965367963,0.5166555661269951,77
3000,0.1999999999999993,0.5340606060606061,0.5325280303030302,0.5355585497835498,0.5332447817197363,77
3000,0.3000000000000007,0.5502207792207794,0.5487922077922077,0.5517062770562771,0.5497025484942044,77
3000,0.40000000000000213,0.5667316017316016,0.5653330086580088,0.5681429653679655,0.5659662209160945,77
3000,0.5,0.5831515151515152,0.5817877705627706,0.584528354978355,0.5819767068693265,77
3000,0.6000000000000014,0.5987878787878785,0.597502056277056,0.6001126623376619,0.5976794273599998,77
3000,0.6999999999999993,0.6140865800865801,0.6128916666666666,0.6153377705627708,0.6130251036156004,77
3000,0.8000000000000007,0.6292640692640691,0.6280127705627706,0.6305151515151516,0.6279703510218534,77
3000,0.9000000000000021,0.6433203463203464,0.6419998917748918,0.6446149350649351,0.6424780709594506,77
3000,1.0,0.6569437229437229,0.6557271645021645,0.6581298701298701,0.6565176427496657,77
3000,1.1000000000000014,0.670017316017316,0.6686623376623378,0.6713853896103896,0.6700649277387019,77
3000,1.1999999999999993,0.683142857142857,0.6817704545454547,0.6844806277056278,0.6831021054295086,77
3000,1.3000000000000007,0.695705627705628,0.6943116883116884,0.6971169913419913,0.6956173671635535,77
3000,1.4000000000000021,0.7076320346320347,0.706242316017316,0.7090218614718614,0.7076044960870913,77
3000,1.5,0.7191991341991344,0.7179133116883115,0.7205194805194806,0.7190623631579227,77
3000,1.6000000000000014,0.7296883116883119,0.7284024891774891,0.7309612554112553,0.7299943680778889,77
3000,1.6999999999999993,0.7402813852813853,0.7390129870129873,0.7415714285714288,0.7404078516918227,77
3000,1.8000000000000007,0.75,0.7487748917748916,0.7512337662337661,0.7503135030294814,77
3000,1.9000000000000021,0.7594069264069263,0.7580688311688311,0.760718722943723,0.7597247802202476,77
3000,2.0,0.7685627705627706,0.7672423160173159,0.7699221861471861,0.7686573603637741,77
3000,2.1000000000000014,0.7767012987012984,0.7753809523809523,0.7780044372294374,0.7771286293997659,77
3000,2.1999999999999993,0.7847316017316017,0.7835451298701297,0.7858357142857142,0.7851572193095082,77
3000,2.3000000000000007,0.7925151515151516,0.7914414502164502,0.7936190476190476,0.7927625967427371,77
3000,2.400000000000002,0.7998311688311686,0.7988007575757576,0.8008919913419912,0.7999647044677934,77
3000,2.5,0.8070476190476189,0.8060172077922075,0.8080347402597402,0.8067836549063043,77
3000,2.6000000000000014,0.8138787878787878,0.8127920995670996,0.8149829004329003,0.8132394734101035,77
3000,2.6999999999999993,0.8202424242424242,0.8192337662337665,0.8213075757575757,0.8193518878148748,77
3000,2.8000000000000007,0.8263679653679655,0.8253029220779221,0.8274330086580088,0.8251401600941112,77
3000,2.900000000000002,0.8316406926406923,0.8306059523809524,0.8326883116883117,0.8306229555647686,77
3000,3.0,0.836995670995671,0.8360303030303028,0.8379785714285714,0.835818244990178,77
3000,3.1000000000000014,0.8418225108225107,0.8408137445887447,0.8427835497835496,0.8407432350197455,77
3000,3.200000000000003,0.8464199134199135,0.8454241341991341,0.8474373376623375,0.8454143226405625,77
3000,3.3000000000000007,0.8511731601731602,0.8501428571428573,0.8522122294372296,0.8498470696445221,77
3000,3.400000000000002,0.8554242424242428,0.8543419913419912,0.8564503246753248,0.8540561934966862,77
3000,3.5,0.8595930735930737,0.8585408008658006,0.8605844155844151,0.8580555713960789,77
3000,3.6000000000000014,0.8632683982683984,0.8622163419913419,0.8642729437229437,0.8618582547263078,77
3000,3.700000000000003,0.866887445887446,0.8658094155844155,0.8678963203463206,0.8654764914844546,77
3000,3.8000000000000007,0.8702943722943722,0.869229329004329,0.871316341991342,0.8689217546420585,77
3000,3.900000000000002,0.8737748917748918,0.8726319264069264,0.8748312770562772,0.8722047747254202,77
3000,4.0,0.8768917748917746,0.8757746753246756,0.8780001082251084,0.8753355752008412,77
3000,4.100000000000001,0.8798095238095236,0.8786319264069264,0.8809655844155841,0.8783235095130847,77
3000,4.200000000000003,0.882666666666667,0.8815454545454544,0.8838010822510822,0.8811772988532464,77
3000,4.300000000000001,0.8852987012987016,0.8842378787878789,0.8863853896103897,0.8839050699274105,77
3000,4.400000000000002,0.8879567099567098,0.886857142857143,0.8891126623376622,0.8865143921626171,77
3000,4.5,0.8904502164502166,0.8894112554112554,0.8915325757575756,0.8890123139248349,77
3000,4.600000000000001,0.8926926406926404,0.891662121212121,0.893766341991342,0.8914053974379165,77
3000,4.700000000000003,0.894792207792208,0.8937442640692641,0.8958571428571429,0.8936997521859896,77
3000,4.800000000000001,0.8969523809523807,0.8959307359307362,0.8980173160173162,0.8959010666573167,77
3000,4.900000000000002,0.8991861471861474,0.8982117965367966,0.9002295454545457,0.898014638347952,77
3000,5.0,0.9010865800865799,0.9000779220779221,0.9020995670995673,0.9000454019910097,77
3000,5.100000000000001,0.903285714285714,0.9023245670995669,0.9042641774891776,0.9019979560140935,77
3000,5.200000000000003,0.9051428571428567,0.904199025974026,0.9061125541125541,0.9038765872553264,77
3000,5.300000000000001,0.9066493506493505,0.9056662337662337,0.9076452380952382,0.9056852939890452,77
3000,5.400000000000002,0.9084069264069262,0.9074501082251084,0.9093766233766232,0.9074278073269668,77
3000,5.5,0.9102251082251083,0.9093593073593077,0.9111343073593077,0.9091076110706507,77
3000,5.600000000000001,0.9117056277056278,0.9108440476190479,0.912588744588745,0.9107279600973376,77
3000,5.700000000000003,0.913051948051948,0.9122248917748919,0.9139091991341993,0.912291897364569,77
3000,5.800000000000001,0.9144891774891775,0.9136449134199134,0.915337878787879,0.9138022696200302,77
3000,5.900000000000002,0.915874458874459,0.9150691558441559,0.9166796536796538,0.9152617419023694,77
3000,6.0,0.9174155844155841,0.9166579004329004,0.9182079004329006,0.9166728109167716,77
3000,6.100000000000001,0.9186493506493507,0.9178999999999999,0.9194113636363634,0.9180378173661586,77
3000,6.200000000000003,0.91991341991342,0.9191601731601732,0.920666774891775,0.9193589573153478,77
3000,6.300000000000001,0.9211904761904759,0.9204458874458873,0.9219090909090908,0.9206382926615253,77
3000,6.400000000000002,0.9223593073593075,0.9216405844155846,0.923095238095238,0.9218777607801938,77
3000,6.5,0.9234329004329004,0.9227141774891776,0.9241300865800864,0.9230791834114391,77
3000,6.600000000000001,0.9246796536796539,0.9239740259740261,0.9254069264069265,0.9242442748470467,77
3000,6.700000000000003,0.9258614718614724,0.9251730519480521,0.9265887445887449,0.9253746494747661,77
3000,6.800000000000001,0.9269047619047621,0.9262293290043291,0.927597510822511,0.9264718287319129,77
3000,6.900000000000002,0.927965367965368,0.9273159090909093,0.9286623376623377,0.9275372475165605,77
3000,7.0,0.9289004329004328,0.9282294372294376,0.9295887445887446,0.928572260100839,77
3000,7.100000000000001,0.9299567099567098,0.9292987012987018,0.9306536796536795,0.9295781455873303,77
3000,7.200000000000003,0.9308917748917748,0.9302294372294373,0.931597619047619,0.9305561129462356,77
3000,7.300000000000001,0.9317922077922078,0.9311038961038961,0.9324848484848487,0.9315073056679135,77
3000,7.400000000000002,0.9327012987012988,0.932021645021645,0.9333725108225105,0.93243280606251,77
3000,7.5,0.933601731601732,0.9329392857142855,0.9342727272727269,0.9333336392357474,77
3000,7.600000000000001,0.9343809523809524,0.9337271645021644,0.9350304112554109,0.9342107767674893,77
3000,7.700000000000003,0.9352770562770562,0.9346362554112552,0.9359350649350646,0.9350651401174347,77
3000,7.800000000000001,0.9360303030303025,0.9353851731601729,0.9367143939393939,0.9358976037802171,77
3000,7.900000000000002,0.9368614718614718,0.9362206709956709,0.9375285714285715,0.9367089982102853,77
3000,8.0,0.9375627705627705,0.9369262987012987,0.9382424242424241,0.9375001125351874,77
3000,8.100000000000001,0.9382683982683985,0.9376190476190478,0.938974025974026,0.9382716970742885,77
3000,8.200000000000003,0.9390346320346324,0.938385173160173,0.9396926406926408,0.9390244656784917,77
3000,8.3,0.9397619047619047,0.9391385281385284,0.9404070346320348,0.9397590979051956,77
3000,8.400000000000002,0.9405887445887446,0.9399782467532468,0.9411732683982684,0.9404762410415066,77
3000,8.5,0.9413246753246753,0.9407229437229442,0.9419221861471865,0.9411765119876141,77
3000,8.600000000000001,0.9421168831168832,0.9415107142857146,0.9427316017316019,0.9418604990112235,77
3000,8.700000000000003,0.9427229437229436,0.942112445887446,0.9433333333333334,0.9425287633830172,77
3000,8.8,0.9432943722943727,0.9426795454545459,0.9439135281385284,0.9431818409022786,77
3000,8.900000000000002,0.943909090909091,0.9433202380952381,0.9444849567099571,0.9438202433210409,77
3000,9.0,0.9446017316017317,0.9440216450216453,0.9451775974025978,0.9444444596744244,77
3000,9.100000000000001,0.945155844155844,0.9445670995670999,0.9457360389610389,0.945054957524198,77
3000,9.200000000000003,0.9458744588744585,0.9452987012987014,0.9464806277056277,0.9456521841220042,77
3000,9.3,0.9464025974025975,0.9458094155844157,0.9470002164502166,0.9462365674981752,77
3000,9.400000000000002,0.9469567099567103,0.9463593073593076,0.9475454545454545,0.9468085174815689,77
3000,9.5,0.9474935064935069,0.9469089826839824,0.9480737012987013,0.9473684266554281,77
3000,9.600000000000001,0.9480476190476192,0.9474761904761902,0.9486147186147187,0.9479166712538484,77
3000,9.700000000000003,0.9486277056277057,0.9480865800865799,0.9491861471861469,0.9484536120030895,77
3000,9.8,0.9491168831168832,0.9485800865800863,0.9496494588744588,0.9489795949116147,77
3000,9.900000000000002,0.9497099567099566,0.949177489177489,0.950281385281385,0.9494949520124484,77
3000,10.0,0.9500822510822513,0.9495194805194805,0.9506841991341989,0.9500000020611536,77
3000,10.100000000000001,0.9505844155844159,0.9500215367965363,0.9511949134199132,0.9504950511924803,77
3000,10.200000000000003,0.9511082251082252,0.950532359307359,0.9516970779220777,0.9509803935384954,77
3000,10.3,0.9516017316017317,0.9510561688311688,0.9521472943722942,0.9514563118107968,77
3000,10.400000000000002,0.9520129870129871,0.9514847402597402,0.9525584415584414,0.951923077849213,77
3000,10.5,0.9524805194805196,0.9519437229437231,0.9530347402597403,0.9523809531392085,77
3000,10.600000000000001,0.9528095238095238,0.9522680735930736,0.9533896103896105,0.9528301893000529,77
3000,10.700000000000003,0.9532987012987009,0.9527617965367965,0.953874458874459,0.9532710285456575,77
3000,10.8,0.9537316017316014,0.9531731601731603,0.9543160173160176,0.9537037041198435,77
3000,10.900000000000002,0.95417316017316,0.9536275974025977,0.9547490259740263,0.9541284407076789,77
3000,11.0,0.9545021645021644,0.9539437229437235,0.955086796536797,0.9545454548244015,77
3000,11.100000000000001,0.9547965367965369,0.9542251082251088,0.9553852813852816,0.9549549551833374,77
3000,11.200000000000003,0.9552640692640693,0.9546883116883119,0.9558572510822515,0.9553571430441267,77
3000,11.3,0.9556623376623377,0.9550952380952383,0.956229545454546,0.9557522125424699,77
3000,11.400000000000002,0.956,0.9554414502164504,0.9565585497835503,0.9561403510025318,77
3000,11.5,0.9564891774891776,0.9559567099567106,0.9570520562770568,0.9565217392330536,77
3000,11.600000000000001,0.9567792207792207,0.9562466450216452,0.957346428571429,0.9568965518081551,77
3000,11.700000000000003,0.9570909090909089,0.9565584415584419,0.9576711038961042,0.9572649573337447,77
3000,11.8,0.9574632034632035,0.9569436147186149,0.9580346320346322,0.9576271187003863,77
3000,11.900000000000002,0.9578008658008659,0.9572770562770567,0.9583809523809524,0.9579831933234205,77
3000,12.0,0.9582121212121213,0.9577099567099571,0.9587664502164506,0.9583333333710847,77
3000,12.100000000000001,0.9585930735930736,0.9580822510822514,0.9591428571428575,0.9586776859813214,77
3000,12.200000000000003,0.9589826839826836,0.9584761904761908,0.9595238095238096,0.9590163934679286,77
3000,12.3,0.9593679653679654,0.9588701298701302,0.9599177489177491,0.9593495935166535,77
3000,12.400000000000002,0.9596796536796539,0.959168722943723,0.9602295454545458,0.9596774193718016,77
3000,12.5,0.9599740259740263,0.9594587662337664,0.9605497835497835,0.960000000013888,77
3000,12.600000000000001,0.9603290043290047,0.9598008658008659,0.9609004329004328,0.9603174603288308,77
3000,12.700000000000003,0.9606233766233773,0.9600993506493506,0.9611948051948053,0.9606299212691519,77
3000,12.8,0.9609610389610388,0.9604501082251082,0.9615324675324675,0.9609375000076219,77
3000,12.900000000000002,0.9612813852813852,0.9607619047619049,0.9618356060606063,0.9612403100837598,77
3000,13.0,0.9615584415584416,0.9610259740259742,0.9621168831168827,0.9615384615435708,77
3000,13.100000000000001,0.9619523809523808,0.961428463203463,0.9625195887445885,0.9618320610728854,77
3000,13.200000000000003,0.9623246753246756,0.9617835497835495,0.962926515151515,0.962121212124637,77
3000,13.3,0.9625238095238096,0.9619826839826839,0.963121212121212,0.9624060150403979,77
3000,13.400000000000002,0.9627835497835495,0.9622597402597401,0.9633553030303029,0.9626865671664748,77
3000,13.5,0.9630606060606056,0.9625366883116881,0.9636365800865799,0.9629629629648426,77
3000,13.600000000000001,0.9633376623376624,0.9628222943722943,0.9639047619047619,0.9632352941191861,77
3000,13.700000000000003,0.9635800865800866,0.9630562770562768,0.9641516233766235,0.9635036496362964,77
3000,13.8,0.9638354978354975,0.9633203463203461,0.9644070346320346,0.9637681159430606,77
3000,13.900000000000002,0.9640865800865801,0.9635670995670995,0.9646666666666663,0.9640287769792619,77
3000,14.0,0.9643073593073594,0.9637965367965364,0.9648701298701294,0.9642857142864057,77
3000,14.100000000000001,0.9646103896103897,0.9641211038961036,0.965160173160173,0.9645390070927649,77
3000,14.200000000000003,0.9648354978354978,0.9643419913419912,0.9654025974025968,0.9647887323948299,77
3000,14.3,0.9650909090909092,0.9646017316017315,0.9656494588744586,0.9650349650353445,77
3000,14.400000000000002,0.9653073593073594,0.9648138528138526,0.9658485930735928,0.9652777777780884,77
3000,14.5,0.9654199134199134,0.9649480519480517,0.9659438311688306,0.9655172413795649,77
3000,14.600000000000001,0.9656320346320345,0.9651687229437227,0.9661472943722943,0.9657534246577425,77
3000,14.700000000000003,0.9658831168831169,0.9654240259740257,0.9663766233766232,0.9659863945579936,77
3000,14.8,0.966090909090909,0.9656320346320345,0.9665844155844153,0.9662162162163559,77
3000,14.900000000000002,0.9662987012987013,0.9658528138528135,0.9667965367965365,0.9664429530202486,77
3000,15.0,0.9665324675324674,0.9660606060606058,0.967026082251082,0.9666666666667604,77
3000,15.100000000000001,0.9667748917748917,0.9663115800865798,0.9672770562770561,0.9668874172186197,77
3000,15.200000000000003,0.9669480519480518,0.9664761904761904,0.9674503246753245,0.9671052631579575,77
3000,15.3,0.9671471861471863,0.9666751082251078,0.9676536796536794,0.96732026143796,77
3000,15.400000000000002,0.9673809523809521,0.9668917748917747,0.9679006493506491,0.9675324675325098,77
3000,15.5,0.9675021645021642,0.967012987012987,0.9680130952380953,0.9677419354839054,77
3000,15.600000000000001,0.9677705627705625,0.9672857142857142,0.9682814935064936,0.9679487179487462,77
3000,15.700000000000003,0.9679870129870127,0.9675107142857141,0.9684935064935064,0.9681528662420613,77
3000,15.8,0.9681428571428567,0.9676579004329003,0.9686537878787879,0.9683544303797658,77
3000,15.900000000000002,0.9682987012987011,0.9678268398268399,0.9687880952380954,0.9685534591195124,77
3000,16.0,0.9684632034632031,0.9679912337662339,0.9689654761904761,0.9687500000000127,77
10000,-16.0,0.03113246753246753,0.030894772727272722,0.031383116883116874,0.031249999999987337,77
10000,-15.9,0.03132987012987013,0.031077889610389608,0.03159097402597403,0.03144654088048768,77
10000,-15.8,0.03156363636363636,0.03130775974025973,0.031828603896103896,0.031645569620234265,77
10000,-15.7,0.031758441558441555,0.03149996753246754,0.0320273051948052,0.031847133757938705,77
10000,-15.6,0.03193506493506493,0.03167788961038962,0.0322038961038961,0.03205128205125387,77
10000,-15.5,0.03213246753246755,0.031872662337662346,0.0324012987012987,0.03225806451609461,77
10000,-15.4,0.032337662337662346,0.03207655844155844,0.03261168831168831,0.032467532467490415,77
10000,-15.3,0.032574025974026,0.03230779220779221,0.03285844155844156,0.03267973856204015,77
10000,-15.2,0.03282337662337664,0.032554512987012986,0.03311301948051949,0.032894736842042534,77
10000,-15.1,0.03306103896103897,0.03278571428571429,0.033354545454545456,0.033112582781380344,77
10000,-15.0,0.03328181818181819,0.03300259740259741,0.03356883116883117,0.033333333333239755,77
10000,-14.9,0.03351948051948052,0.03323892857142857,0.03381558441558441,0.033557046979751474,77
10000,-14.8,0.033742857142857144,0.033457142857142866,0.03404285714285714,0.03378378378364418,77
10000,-14.7,0.034002597402597395,0.033707792207792214,0.03430649350649351,0.034013605442006364,77
10000,-14.6,0.034238961038961034,0.03394285714285716,0.03455064935064935,0.034246575342257495,77
10000,-14.5,0.03445714285714285,0.03415454545454547,0.03477022727272729,0.03448275862043529,77
10000,-14.4,0.03465714285714286,0.03435714285714287,0.03497275974025975,0.03472222222191154,77
10000,-14.3,0.034883116883116884,0.0345842857142857,0.03518961038961039,0.03496503496465549,77
10000,-14.2,0.035122077922077916,0.034824675324675335,0.03542597402597403,0.03521126760517032,77
10000,-14.1,0.03535064935064935,0.03505714285714286,0.03564694805194806,0.03546099290723532,77
10000,-14.0,0.03562077922077923,0.035309025974025965,0.035927272727272724,0.03571428571359427,77
10000,-13.9,0.03583376623376625,0.03551038961038962,0.03614029220779221,0.035971223020738206,77
10000,-13.8,0.03613246753246754,0.03582724025974026,0.03643250000000001,0.03623188405693951,77
10000,-13.7,0.03637142857142858,0.036058409090909106,0.03668314935064937,0.03649635036370362,77
10000,-13.6,0.03663116883116883,0.03630772727272728,0.036952012987013005,0.03676470588081412,77
10000,-13.5,0.03687272727272728,0.03654935064935066,0.0371987012987013,0.037037037035157504,77
10000,-13.4,0.03713246753246753,0.036805162337662345,0.03746240259740259,0.03731343283352523,77
10000,-13.3,0.037393506493506486,0.037061006493506486,0.03771818181818182,0.03759398495960208,77
10000,-13.2,0.03769480519480519,0.03735324675324675,0.038029902597402604,0.037878787875363154,77
10000,-13.1,0.037998701298701296,0.03764925324675326,0.038336363636363634,0.038167938927114745,77
10000,-13.0,0.038310389610389614,0.037955844155844166,0.03864805194805195,0.03846153845642938,77
10000,-12.9,0.03860909090909091,0.03824672077922078,0.03894938311688312,0.03875968991624036,77
10000,-12.8,0.03892077922077923,0.038568831168831176,0.03925977272727273,0.03906249999237813,77
10000,-12.7,0.039274025974025975,0.03892071428571429,0.03962597402597402,0.039370078730848114,77
10000,-12.6,0.03956753246753248,0.039212987012987005,0.03991818181818181,0.03968253967116919,77
10000,-12.5,0.03988441558441559,0.039520714285714284,0.04024418831168832,0.039999999986112054,77
10000,-12.4,0.04024415584415584,0.03989087662337662,0.0406038961038961,0.04032258062819852,77
10000,-12.3,0.040535064935064945,0.040184383116883104,0.040892240259740274,0.04065040648334666,77
10000,-12.2,0.04086233766233767,0.040503863636363636,0.041227370129870135,0.040983606532071566,77
10000,-12.1,0.04123376623376625,0.040885714285714296,0.041592240259740274,0.04132231401867859,77
10000,-12.0,0.04158701298701299,0.041237662337662344,0.04195714285714286,0.04166666662891532,77
10000,-11.899999999999999,0.04190389610389611,0.041554545454545455,0.04226883116883117,0.042016806676579484,77
10000,-11.8,0.042240259740259745,0.04189999999999999,0.0426039935064935,0.042372881299613814,77
10000,-11.7,0.04260129870129871,0.042267500000000006,0.04295974025974026,0.0427350426662553,77
10000,-11.6,0.04297792207792209,0.04264155844155844,0.04333250000000001,0.04310344819184491,77
10000,-11.5,0.04338831168831169,0.04306233766233767,0.043731168831168815,0.04347826076694642,77
10000,-11.399999999999999,0.043783116883116896,0.04346103896103897,0.04411688311688312,0.043859648997468144,77
10000,-11.3,0.044174025974025956,0.043849350649350666,0.04450785714285715,0.04424778745753021,77
10000,-11.2,0.04457272727272726,0.04425974025974026,0.04490519480519479,0.04464285695587351,77
10000,-11.1,0.04497792207792208,0.04466103896103897,0.0453,0.045045044816662716,77
10000,-11.0,0.04541818181818182,0.04509737012987014,0.045750649350649354,0.045454545175598646,77
10000,-10.899999999999999,0.04583636363636363,0.045501298701298695,0.046177954545454536,0.045871559292321125,77
10000,-10.8,0.046344155844155854,0.04600646103896103,0.046692240259740274,0.04629629588015655,77
10000,-10.7,0.046733766233766245,0.046403896103896114,0.04707016233766235,0.0467289714543426,77
10000,-10.6,0.04719870129870131,0.046872694805194806,0.04754285714285714,0.047169810699947176,77
10000,-10.5,0.04766363636363636,0.04734675324675324,0.04799094155844156,0.047619046860791575,77
10000,-10.399999999999999,0.04813896103896102,0.04781162337662336,0.04846503246753245,0.048076922150787064,77
10000,-10.3,0.04865454545454544,0.04832201298701301,0.04898444805194806,0.04854368818920326,77
10000,-10.2,0.04915454545454543,0.048816850649350645,0.04947792207792208,0.04901960646150467,77
10000,-10.1,0.04961428571428572,0.049275292207792205,0.04993376623376624,0.04950494880751965,77
10000,-10.0,0.05006233766233767,0.049732370129870127,0.05038964285714286,0.04999999793884637,77
10000,-9.899999999999999,0.05055844155844155,0.050236331168831166,0.050875324675324664,0.05050504798755179,77
10000,-9.8,0.05106233766233766,0.05071941558441557,0.05138181818181817,0.05102040508838541,77
10000,-9.7,0.0515974025974026,0.051245422077922084,0.051940259740259745,0.051546387996910546,77
10000,-9.6,0.05210259740259742,0.05176363636363637,0.05244285714285713,0.05208332874615157,77
10000,-9.5,0.05267012987012986,0.052331168831168826,0.05300522727272728,0.05263157334457195,77
10000,-9.399999999999999,0.053187012987013,0.052842824675324675,0.05351704545454545,0.05319148251843107,77
10000,-9.3,0.05381038961038961,0.053458441558441566,0.054145454545454545,0.05376343250182487,77
10000,-9.2,0.05443896103896106,0.05407402597402598,0.054784512987013,0.0543478158779957,77
10000,-9.1,0.05499740259740259,0.05464152597402598,0.05533896103896104,0.054945042475802,77
10000,-9.0,0.05560000000000001,0.055235032467532474,0.055959740259740244,0.055555540325575574,77
10000,-8.899999999999999,0.056272727272727266,0.0559246103896104,0.056615616883116886,0.056179756678959275,77
10000,-8.8,0.05689870129870128,0.0565557142857143,0.05724545454545455,0.05681815909772137,77
10000,-8.7,0.057533766233766236,0.057175292207792223,0.057889675324675344,0.057471236616982904,77
10000,-8.6,0.05815454545454543,0.0577790909090909,0.05851954545454546,0.058139500988776516,77
10000,-8.5,0.05883376623376623,0.05847269480519479,0.05917142857142857,0.0588234880123858,77
10000,-8.399999999999999,0.059503896103896094,0.05915970779220779,0.05983772727272728,0.059523758958493496,77
10000,-8.3,0.0602025974025974,0.05985064935064934,0.060568863636363636,0.06024090209480451,77
10000,-8.2,0.06092207792207792,0.06056883116883117,0.06127922077922079,0.06097553432150838,77
10000,-8.1,0.061633766233766235,0.061293506493506504,0.06195980519480519,0.06172830292571156,77
10000,-8.0,0.062464935064935063,0.062135032467532464,0.06278311688311687,0.062499887464812616,77
10000,-7.9,0.06325064935064935,0.06291428571428571,0.06359353896103896,0.06329100178971464,77
10000,-7.799999999999999,0.06408441558441559,0.06375974025974027,0.06441688311688311,0.06410239621978292,77
10000,-7.699999999999999,0.06484285714285715,0.0644961038961039,0.06518577922077923,0.06493485988256534,77
10000,-7.6,0.06571168831168832,0.06535064935064935,0.06606892857142857,0.06578922323251056,77
10000,-7.5,0.06651948051948053,0.06615454545454548,0.06687275974025975,0.06666636076425259,77
10000,-7.4,0.06738051948051949,0.06701029220779221,0.06775071428571429,0.06756719393748997,77
10000,-7.299999999999999,0.06826103896103894,0.06786623376623377,0.0686494155844156,0.06849269433208646,77
10000,-7.199999999999999,0.06924805194805192,0.06885711038961038,0.06961980519480516,0.06944388705376449,77
10000,-7.1,0.07024805194805195,0.06982597402597403,0.07064155844155845,0.07042185441266972,77
10000,-7.0,0.07126623376623377,0.07084675324675324,0.0716753896103896,0.07142773989916087,77
10000,-6.9,0.07227792207792211,0.07185584415584417,0.07268964285714286,0.07246275248343952,77
10000,-6.799999999999999,0.07338181818181815,0.0729675,0.07378188311688313,0.07352817126808711,77
10000,-6.699999999999999,0.07447272727272729,0.0740831168831169,0.0748441883116883,0.07462535052523399,77
10000,-6.6,0.07565454545454546,0.07525970779220778,0.0760234090909091,0.07575572515295345,77
10000,-6.5,0.07686233766233765,0.07645191558441558,0.0772299025974026,0.07692081658856084,77
10000,-6.399999999999999,0.07806103896103893,0.07764675324675327,0.07842467532467531,0.07812223921980609,77
10000,-6.299999999999999,0.07933116883116884,0.0788882792207792,0.07972477272727273,0.07936170733847471,77
10000,-6.199999999999999,0.08054025974025973,0.08009474025974027,0.08094555194805196,0.08064104268465222,77
10000,-6.1,0.08178701298701299,0.08133499999999998,0.08219873376623375,0.08196218263384139,77
10000,-6.0,0.08325064935064937,0.08278301948051948,0.08368704545454546,0.08332718908322842,77
10000,-5.899999999999999,0.08469090909090911,0.08421688311688312,0.0851091233766234,0.08473825809763054,77
10000,-5.799999999999999,0.08609870129870129,0.08560129870129872,0.08653519480519481,0.08619773037996997,77
10000,-5.699999999999999,0.08760519480519478,0.08713892857142855,0.08804159090909086,0.08770810263543116,77
10000,-5.6,0.08918961038961033,0.08872717532467532,0.08962600649350651,0.08927203990266241,77
10000,-5.5,0.0907194805194805,0.09023373376623375,0.09117792207792208,0.0908923889293492,77
10000,-5.399999999999999,0.09241948051948051,0.0919285064935065,0.09287538961038963,0.09257219267303321,77
10000,-5.299999999999999,0.09417792207792207,0.0936961038961039,0.09463772727272728,0.09431470601095494,77
10000,-5.199999999999999,0.09601948051948053,0.09556353896103895,0.09646107142857141,0.09612341274467356,77
10000,-5.1,0.09781298701298698,0.09735451298701296,0.09826493506493506,0.09800204398590645,77
10000,-5.0,0.09963766233766233,0.0991727272727273,0.10007405844155846,0.09995459800899031,77
10000,-4.899999999999999,0.10163506493506488,0.10115058441558443,0.10208967532467532,0.10198536165204806,77
10000,-4.799999999999999,0.1037571428571429,0.10328564935064932,0.10420396103896101,0.10409893334268339,77
10000,-4.699999999999999,0.10605324675324669,0.10557272727272729,0.1065220779220779,0.10630024781401047,77
10000,-4.6,0.10829870129870131,0.10782987012987018,0.10877279220779223,0.10859460256208363,77
10000,-4.5,0.1106701298701299,0.11019607142857142,0.11115594155844156,0.11098768607516492,77
10000,-4.399999999999999,0.1130155844155844,0.11255714285714287,0.11349999999999996,0.11348560783738303,77
10000,-4.299999999999999,0.11563766233766233,0.11518831168831169,0.11613129870129874,0.11609493007258964,77
10000,-4.199999999999999,0.11840649350649353,0.11792337662337662,0.11890522727272726,0.1188227011467537,77
10000,-4.1,0.12134935064935065,0.12088558441558443,0.1218493831168831,0.12167649048691542,77
10000,-4.0,0.12445584415584411,0.124,0.12493253246753244,0.12466442479915875,77
10000,-3.8999999999999986,0.12756753246753247,0.12705064935064936,0.12809224025974028,0.12779522527457982,77
10000,-3.799999999999999,0.13064935064935068,0.13011428571428574,0.13117681818181817,0.13107824535794163,77
10000,-3.6999999999999993,0.13419090909090908,0.13367788961038962,0.13470136363636365,0.1345235085155456,77
10000,-3.5999999999999996,0.13794545454545454,0.13743376623376627,0.138436461038961,0.1381417452736923,77
10000,-3.5,0.14175844155844158,0.14124672077922085,0.1422741233766234,0.14194442860392112,77
10000,-3.3999999999999986,0.1458103896103896,0.14531678571428572,0.14632081168831165,0.14594380650331393,77
10000,-3.299999999999999,0.1499038961038961,0.14938431818181822,0.15042857142857147,0.150152930355478,77
10000,-3.1999999999999993,0.1541974025974026,0.15364925324675321,0.15472860389610393,0.15458567735943776,77
10000,-3.0999999999999996,0.1588935064935065,0.15833499999999998,0.15945064935064931,0.15925676498025454,77
10000,-3.0,0.1637402597402597,0.16316230519480523,0.16429224025974026,0.16418175500982207,77
10000,-2.8999999999999986,0.1688909090909091,0.16828961038961043,0.16948058441558436,0.16937704443523158,77
10000,-2.799999999999999,0.17449870129870132,0.17390249999999996,0.17508311688311687,0.17485983990588888,77
10000,-2.6999999999999993,0.18036753246753243,0.1796987012987013,0.18101045454545456,0.18064811218512525,77
10000,-2.5999999999999996,0.1865402597402598,0.18586616883116885,0.18721558441558442,0.18676052658989672,77
10000,-2.5,0.19302337662337668,0.19232327922077927,0.19371824675324675,0.19321634509369578,77
10000,-2.3999999999999986,0.20022077922077924,0.19954025974025977,0.2008844155844156,0.20003529553220692,77
10000,-2.299999999999999,0.2075155844155844,0.206793474025974,0.20823003246753247,0.207237403257263,77
10000,-2.1999999999999993,0.2150181818181819,0.21425318181818187,0.21580782467532472,0.21484278069049179,77
10000,-2.0999999999999996,0.223051948051948,0.22226879870129862,0.22381970779220783,0.22287137060023432,77
10000,-2.0,0.23169610389610396,0.23088422077922077,0.23250532467532478,0.23134263963622595,77
10000,-1.8999999999999986,0.24074545454545448,0.23993633116883115,0.24158055194805192,0.2402752197797528,77
10000,-1.799999999999999,0.25004545454545457,0.2492258441558442,0.2508636363636364,0.24968649697051884,77
10000,-1.6999999999999993,0.2599714285714285,0.259147987012987,0.26078441558441556,0.2595921483081773,77
10000,-1.5999999999999996,0.2703597402597402,0.26957009740259735,0.27116892857142855,0.27000563192211113,77
10000,-1.5,0.2811480519480519,0.28035691558441567,0.2819364935064934,0.28093763684207734,77
10000,-1.3999999999999986,0.2923051948051948,0.2915102597402598,0.2931078571428573,0.2923955039129091,77
10000,-1.299999999999999,0.30393376623376633,0.3031219805194805,0.30474298701298697,0.3043826328364466,77
10000,-1.1999999999999993,0.31643766233766246,0.3156127922077922,0.3172571753246753,0.31689789457049133,77
10000,-1.0999999999999996,0.3295597402597401,0.32877918831168834,0.33033659090909095,0.32993507226129837,77
10000,-1.0,0.34285324675324674,0.3420324350649351,0.3436350974025975,0.3434823572503344,77
10000,-0.8999999999999986,0.35661948051948056,0.35582584415584423,0.35742344155844147,0.3575219290405499,77
10000,-0.7999999999999989,0.3712987012987012,0.3705246753246755,0.3720559415584415,0.3720296489781469,77
10000,-0.6999999999999993,0.3864922077922079,0.3857517857142857,0.38726373376623374,0.38697489638439964,77
10000,-0.5999999999999996,0.40194805194805194,0.4011453571428572,0.4027573051948051,0.4023205726400002,77
10000,-0.5,0.41781428571428575,0.41697532467532467,0.4186402597402597,0.41802329313067366,77
10000,-0.3999999999999986,0.4338974025974024,0.4330841233766233,0.4347169480519481,0.43403377908390606,77
10000,-0.29999999999999893,0.4503545454545455,0.4494648701298702,0.45121191558441553,0.45029745150579603,77
10000,-0.1999999999999993,0.46689740259740264,0.4660129220779222,0.46776240259740265,0.4667552182802637,77
10000,-0.09999999999999964,0.48401298701298706,0.48312707792207804,0.4848753571428572,0.48334443387300485,77
10000,0.0,0.5005441558441558,0.4996272077922078,0.5014142857142857,0.5,77
10000,0.10000000000000142,0.5176025974025975,0.5167375324675326,0.5184416558441557,0.5166555661269951,77
10000,0.1999999999999993,0.5341558441558439,0.5333298376623377,0.534947012987013,0.5332447817197363,77
10000,0.3000000000000007,0.5503467532467532,0.5495285064935065,0.5511376948051948,0.5497025484942044,77
10000,0.40000000000000213,0.566751948051948,0.5658778246753248,0.5676000974025978,0.5659662209160945,77
10000,0.5,0.5827402597402597,0.5819181493506494,0.583510422077922,0.5819767068693265,77
10000,0.6000000000000014,0.5985220779220781,0.5977558441558443,0.5992664285714286,0.5976794273599998,77
10000,0.6999999999999993,0.6140259740259743,0.6133584090909091,0.6147494155844155,0.6130251036156004,77
10000,0.8000000000000007,0.6287870129870128,0.6281438636363637,0.6293923701298701,0.6279703510218534,77
10000,0.9000000000000021,0.6433506493506493,0.6426259415584417,0.644128668831169,0.6424780709594506,77
10000,1.0,0.6574363636363636,0.6566505194805194,0.6582376948051949,0.6565176427496657,77
10000,1.1000000000000014,0.6710129870129872,0.6701869155844153,0.6718987337662337,0.6700649277387019,77
10000,1.1999999999999993,0.6840415584415586,0.6832025324675325,0.6848909740259741,0.6831021054295086,77
10000,1.3000000000000007,0.6964194805194808,0.6955986688311686,0.6972273051948054,0.6956173671635535,77
10000,1.4000000000000021,0.708222077922078,0.7073427922077923,0.7090701623376621,0.7076044960870913,77
10000,1.5,0.7197090909090904,0.7188413961038962,0.7205573376623379,0.7190623631579227,77
10000,1.6000000000000014,0.7306532467532467,0.7297570129870128,0.7315039285714285,0.7299943680778889,77
10000,1.6999999999999993,0.7410441558441558,0.7401635064935064,0.7418702272727274,0.7404078516918227,77
10000,1.8000000000000007,0.7507909090909091,0.7499220454545453,0.7516248051948053,0.7503135030294814,77
10000,1.9000000000000021,0.7599259740259737,0.759025811688312,0.7607715259740261,0.7597247802202476,77
10000,2.0,0.7687000000000002,0.767832435064935,0.7695312012987016,0.7686573603637741,77
10000,2.1000000000000014,0.7772272727272728,0.7764051623376622,0.7780169155844153,0.7771286293997659,77
10000,2.1999999999999993,0.7850870129870131,0.7842934740259743,0.7858701623376622,0.7851572193095082,77
10000,2.3000000000000007,0.7925207792207792,0.7918116558441559,0.7932233766233765,0.7927625967427371,77
10000,2.400000000000002,0.7997493506493505,0.7991011038961039,0.8003949999999999,0.7999647044677934,77
10000,2.5,0.8066220779220779,0.8059582792207797,0.8073130194805194,0.8067836549063043,77
10000,2.6000000000000014,0.8130077922077921,0.8123584415584414,0.8136844805194806,0.8132394734101035,77
10000,2.6999999999999993,0.8189688311688312,0.8183464285714286,0.8196545779220779,0.8193518878148748,77
10000,2.8000000000000007,0.8248467532467532,0.8242103246753248,0.825519512987013,0.8251401600941112,77
10000,2.900000000000002,0.8303350649350651,0.8297168506493509,0.8309701623376622,0.8306229555647686,77
10000,3.0,0.8354740259740261,0.8348493181818181,0.8361182792207795,0.835818244990178,77
10000,3.1000000000000014,0.8403987012987013,0.8397700324675326,0.8410624025974025,0.8407432350197455,77
10000,3.200000000000003,0.8450493506493506,0.8444311363636363,0.8456962987012988,0.8454143226405625,77
10000,3.3000000000000007,0.849705194805195,0.8491141558441558,0.8503338311688311,0.8498470696445221,77
10000,3.400000000000002,0.8538714285714285,0.8532687987012986,0.85449237012987,0.8540561934966862,77
10000,3.5,0.8577935064935067,0.8572077922077924,0.8584025974025974,0.8580555713960789,77
10000,3.6000000000000014,0.8616168831168829,0.8610220454545455,0.862219512987013,0.8618582547263078,77
10000,3.700000000000003,0.8652116883116884,0.8646453571428572,0.8657858116883118,0.8654764914844546,77
10000,3.8000000000000007,0.8686623376623375,0.8680856168831169,0.8692182142857144,0.8689217546420585,77
10000,3.900000000000002,0.8718935064935064,0.8713428571428574,0.8724429545454547,0.8722047747254202,77
10000,4.0,0.8750519480519481,0.8745259415584418,0.8755909415584417,0.8753355752008412,77
10000,4.100000000000001,0.8780636363636362,0.8775584415584419,0.8785909415584415,0.8783235095130847,77
10000,4.200000000000003,0.8811025974025976,0.8805791883116884,0.8816480519480522,0.8811772988532464,77
10000,4.300000000000001,0.8839,0.8833739935064939,0.8844559090909093,0.8839050699274105,77
10000,4.400000000000002,0.8865493506493511,0.8860545129870131,0.887074155844156,0.8865143921626171,77
10000,4.5,0.8891519480519477,0.8886804220779221,0.8896727922077923,0.8890123139248349,77
10000,4.600000000000001,0.8914324675324676,0.8909428246753247,0.8919376948051948,0.8914053974379165,77
10000,4.700000000000003,0.8937181818181817,0.893236266233766,0.8942143506493506,0.8936997521859896,77
10000,4.800000000000001,0.8958363636363634,0.8953570779220782,0.8963299025974026,0.8959010666573167,77
10000,4.900000000000002,0.8979012987012988,0.8974441558441557,0.8983949350649351,0.898014638347952,77
10000,5.0,0.8999194805194802,0.8994739935064937,0.9004130844155845,0.9000454019910097,77
10000,5.100000000000001,0.9020025974025978,0.9015350649350651,0.9025194805194805,0.9019979560140935,77
10000,5.200000000000003,0.9039454545454548,0.9034999675324675,0.9044182142857143,0.9038765872553264,77
10000,5.300000000000001,0.9058805194805192,0.9054129545454545,0.906385974025974,0.9056852939890452,77
10000,5.400000000000002,0.9075987012987016,0.9071610064935063,0.9080649350649349,0.9074278073269668,77
10000,5.5,0.9092753246753249,0.9087986688311689,0.909745487012987,0.9091076110706507,77
10000,5.600000000000001,0.9109376623376626,0.9104402597402598,0.9114299675324675,0.9107279600973376,77
10000,5.700000000000003,0.9124337662337662,0.9119220454545456,0.9129221103896107,0.912291897364569,77
10000,5.800000000000001,0.9138740259740259,0.9133415259740256,0.9143805519480517,0.9138022696200302,77
10000,5.900000000000002,0.9153363636363638,0.9148272402597403,0.915837694805195,0.9152617419023694,77
10000,6.0,0.9167038961038961,0.9162038311688313,0.9171987337662341,0.9166728109167716,77
10000,6.100000000000001,0.9180272727272726,0.9174947402597403,0.9185195129870128,0.9180378173661586,77
10000,6.200000000000003,0.9193415584415586,0.9188181493506491,0.9198429220779221,0.9193589573153478,77
10000,6.300000000000001,0.9206298701298701,0.9201051298701299,0.921120811688312,0.9206382926615253,77
10000,6.400000000000002,0.9219571428571431,0.9214636038961042,0.9224428896103896,0.9218777607801938,77
10000,6.5,0.9231493506493504,0.9226519480519484,0.923628668831169,0.9230791834114391,77
10000,6.600000000000001,0.9242870129870131,0.9237920779220777,0.9247857467532465,0.9242442748470467,77
10000,6.700000000000003,0.9253337662337665,0.9248233441558441,0.9258415909090908,0.9253746494747661,77
10000,6.800000000000001,0.9264428571428571,0.9259298376623375,0.926942857142857,0.9264718287319129,77
10000,6.900000000000002,0.927485714285714,0.9269869480519479,0.9279818506493507,0.9275372475165605,77
10000,7.0,0.928522077922078,0.9280375649350648,0.928990941558442,0.928572260100839,77
10000,7.100000000000001,0.9295714285714289,0.9291012662337662,0.9300403896103894,0.9295781455873303,77
10000,7.200000000000003,0.9304909090909091,0.9300089285714289,0.9309533116883117,0.9305561129462356,77
10000,7.300000000000001,0.9314753246753246,0.9309907792207792,0.9319442857142859,0.9315073056679135,77
10000,7.400000000000002,0.9324155844155841,0.9319532142857144,0.9328597727272727,0.93243280606251,77
10000,7.5,0.9332935064935064,0.9328415584415584,0.9337338311688311,0.9333336392357474,77
10000,7.600000000000001,0.9342337662337662,0.9337804545454544,0.9346844155844155,0.9342107767674893,77
10000,7.700000000000003,0.9351376623376625,0.9347116558441556,0.9355714610389609,0.9350651401174347,77
10000,7.800000000000001,0.9359259740259737,0.9354909090909093,0.9363688636363638,0.9358976037802171,77
10000,7.900000000000002,0.9367402597402597,0.9363116883116885,0.9371649675324675,0.9367089982102853,77
10000,8.0,0.9375818181818187,0.9371610064935066,0.9379909415584416,0.9375001125351874,77
10000,8.100000000000001,0.9383571428571431,0.9379441558441561,0.938749383116883,0.9382716970742885,77
10000,8.200000000000003,0.9391077922077923,0.9387090584415584,0.9395039610389613,0.9390244656784917,77
10000,8.3,0.9399844155844154,0.9396051623376624,0.9403610389610391,0.9397590979051956,77
10000,8.400000000000002,0.9406792207792206,0.9403051298701298,0.9410455519480523,0.9404762410415066,77
10000,8.5,0.9413909090909088,0.9410167857142857,0.9417585389610392,0.9411765119876141,77
10000,8.600000000000001,0.9421000000000006,0.9417167857142856,0.9424584415584415,0.9418604990112235,77
10000,8.700000000000003,0.9427363636363633,0.9423597077922078,0.9430935064935064,0.9425287633830172,77
10000,8.8,0.9434610389610391,0.9430868506493506,0.9438117532467531,0.9431818409022786,77
10000,8.900000000000002,0.9441103896103898,0.9437324675324678,0.944450681818182,0.9438202433210409,77
10000,9.0,0.9447909090909096,0.9444116883116885,0.9451337662337662,0.9444444596744244,77
10000,9.100000000000001,0.9454506493506492,0.9450999675324677,0.9457649350649353,0.945054957524198,77
10000,9.200000000000003,0.9459831168831171,0.9456454545454548,0.9462922077922075,0.9456521841220042,77
10000,9.3,0.9466012987012987,0.9462623376623378,0.9469143181818184,0.9462365674981752,77
10000,9.400000000000002,0.9471311688311688,0.9468090584415585,0.9474285714285716,0.9468085174815689,77
10000,9.5,0.947718181818182,0.9473974025974029,0.9480207792207792,0.9473684266554281,77
10000,9.600000000000001,0.9482636363636364,0.9479466883116884,0.9485662662337664,0.9479166712538484,77
10000,9.700000000000003,0.948766233766234,0.9484415584415585,0.9490844155844156,0.9484536120030895,77
10000,9.8,0.9492623376623378,0.9489285064935065,0.949579253246753,0.9489795949116147,77
10000,9.900000000000002,0.9498077922077923,0.949487012987013,0.9501286038961041,0.9494949520124484,77
10000,10.0,0.9503376623376626,0.9500129220779221,0.9506519805194806,0.9500000020611536,77
10000,10.100000000000001,0.9508337662337659,0.9505051623376625,0.9511533766233768,0.9504950511924803,77
10000,10.200000000000003,0.9512675324675327,0.9509479870129872,0.9515909740259741,0.9509803935384954,77
10000,10.3,0.9518311688311686,0.951493474025974,0.9521701298701299,0.9514563118107968,77
10000,10.400000000000002,0.9522922077922074,0.9519544805194805,0.9526364610389612,0.951923077849213,77
10000,10.5,0.9527584415584412,0.9524350649350649,0.9530909090909091,0.9523809531392085,77
10000,10.600000000000001,0.9531948051948052,0.9528597402597403,0.9535287012987015,0.9528301893000529,77
10000,10.700000000000003,0.9536571428571429,0.9533272402597402,0.9539818506493506,0.9532710285456575,77
10000,10.8,0.9540441558441561,0.9537011688311688,0.9543766883116883,0.9537037041198435,77
10000,10.900000000000002,0.9544493506493505,0.9541077272727273,0.9547727272727272,0.9541284407076789,77
10000,11.0,0.9548662337662335,0.9545155519480518,0.9551987337662338,0.9545454548244015,77
10000,11.100000000000001,0.9552610389610388,0.9549155844155843,0.9555961038961038,0.9549549551833374,77
10000,11.200000000000003,0.9557077922077925,0.9553726948051948,0.9560480519480521,0.9553571430441267,77
10000,11.3,0.9560922077922075,0.9557505844155846,0.956425974025974,0.9557522125424699,77
10000,11.400000000000002,0.9564896103896103,0.9561428571428571,0.9568312012987014,0.9561403510025318,77
10000,11.5,0.9568376623376624,0.9564896103896104,0.9571767207792208,0.9565217392330536,77
10000,11.600000000000001,0.9571571428571426,0.9568050974025973,0.9575027272727273,0.9568965518081551,77
10000,11.700000000000003,0.9574740259740261,0.9571311363636363,0.9578130194805196,0.9572649573337447,77
10000,11.8,0.9578000000000002,0.9574610389610392,0.9581376623376622,0.9576271187003863,77
10000,11.900000000000002,0.9581350649350653,0.9577974025974026,0.9584779220779224,0.9579831933234205,77
10000,12.0,0.9584727272727274,0.9581493506493507,0.9588052597402599,0.9583333333710847,77
10000,12.100000000000001,0.9588155844155845,0.9584947402597404,0.9591532467532466,0.9586776859813214,77
10000,12.200000000000003,0.9591402597402596,0.9588194805194805,0.9594662662337661,0.9590163934679286,77
10000,12.3,0.9594844155844153,0.9591662012987013,0.95980262987013,0.9593495935166535,77
10000,12.400000000000002,0.9597987012987009,0.95947012987013,0.9601196103896106,0.9596774193718016,77
10000,12.5,0.9601363636363632,0.9598051623376626,0.9604584415584413,0.960000000013888,77
10000,12.600000000000001,0.9604999999999998,0.9601765909090907,0.9608350974025974,0.9603174603288308,77
10000,12.700000000000003,0.9608116883116885,0.9604779220779219,0.961146753246753,0.9606299212691519,77
10000,12.8,0.9611493506493505,0.9608155844155846,0.9614844155844154,0.9609375000076219,77
10000,12.900000000000002,0.9614467532467535,0.9611298701298702,0.9617753246753247,0.9612403100837598,77
10000,13.0,0.9617116883116883,0.9613947727272727,0.9620208116883117,0.9615384615435708,77
10000,13.100000000000001,0.9620051948051945,0.9616869480519481,0.9623156493506495,0.9618320610728854,77
10000,13.200000000000003,0.9623142857142856,0.9620077922077926,0.9626285714285713,0.962121212124637,77
10000,13.3,0.9625740259740262,0.9622610064935065,0.9628871103896104,0.9624060150403979,77
10000,13.400000000000002,0.9628285714285718,0.9625298701298702,0.963141590909091,0.9626865671664748,77
10000,13.5,0.9630597402597407,0.9627610064935069,0.9633662337662341,0.9629629629648426,77
10000,13.600000000000001,0.9633090909090911,0.9629908441558443,0.9636247077922081,0.9632352941191861,77
10000,13.700000000000003,0.9636051948051951,0.963283116883117,0.9639234415584415,0.9635036496362964,77
10000,13.8,0.9638766233766235,0.9635765909090908,0.9641922402597404,0.9637681159430606,77
10000,13.900000000000002,0.9641597402597403,0.9638610064935065,0.9644857792207793,0.9640287769792619,77
10000,14.0,0.9644376623376624,0.9641428571428573,0.9647480844155846,0.9642857142864057,77
10000,14.100000000000001,0.9646961038961037,0.9643986363636362,0.9650077922077921,0.9645390070927649,77
10000,14.200000000000003,0.9649038961038956,0.9646038636363636,0.9652208116883115,0.9647887323948299,77
10000,14.3,0.9651168831168827,0.9648284415584415,0.9654208766233766,0.9650349650353445,77
10000,14.400000000000002,0.9653480519480516,0.965063603896104,0.9656506818181819,0.9652777777780884,77
10000,14.5,0.9655584415584417,0.9652791883116886,0.9658493831168835,0.9655172413795649,77
10000,14.600000000000001,0.9657805194805197,0.9655012662337663,0.9660714285714285,0.9657534246577425,77
10000,14.700000000000003,0.9660194805194805,0.9657558116883118,0.966309090909091,0.9659863945579936,77
10000,14.8,0.9662402597402593,0.9659817532467532,0.9665222402597401,0.9662162162163559,77
10000,14.900000000000002,0.9664402597402598,0.9661726623376625,0.9667259740259739,0.9664429530202486,77
10000,15.0,0.9666584415584412,0.9663999675324676,0.9669415584415584,0.9666666666667604,77
10000,15.100000000000001,0.9668714285714284,0.9666142857142858,0.9671584415584416,0.9668874172186197,77
10000,15.200000000000003,0.9671000000000001,0.96684025974026,0.9673714610389613,0.9671052631579575,77
10000,15.3,0.9673337662337661,0.9670804870129872,0.967605194805195,0.96732026143796,77
10000,15.400000000000002,0.9675831168831167,0.9673285714285713,0.967846753246753,0.9675324675325098,77
10000,15.5,0.9677857142857144,0.9675324350649347,0.9680481168831168,0.9677419354839054,77
10000,15.600000000000001,0.9680350649350652,0.9677805194805198,0.9682948376623376,0.9679487179487462,77
10000,15.700000000000003,0.9682298701298704,0.9679817857142858,0.968488311688312,0.9681528662420613,77
10000,15.8,0.9683961038961043,0.9681467532467536,0.9686519480519482,0.9683544303797658,77
10000,15.900000000000002,0.968577922077922,0.9683168506493506,0.9688389935064937,0.9685534591195124,77
10000,16.0,0.9688064935064934,0.9685545129870131,0.9690597727272727,0.9687500000000127,77
30000,-16.0,0.031230303030303035,0.031069696969696966,0.03137536796536797,0.031249999999987337,77
30000,-15.9,0.031414718614718624,0.03125063852813853,0.03156536796536796,0.03144654088048768,77
30000,-15.8,0.031627705627705636,0.031472716450216445,0.03178097402597402,0.031645569620234265,77
30000,-15.7,0.031833766233766235,0.03168051948051948,0.03198441558441558,0.031847133757938705,77
30000,-15.6,0.032035497835497834,0.03188484848484849,0.0321813961038961,0.03205128205125387,77
30000,-15.5,0.03223030303030302,0.03207834415584415,0.03237145021645023,0.03225806451609461,77
30000,-15.4,0.03242164502164502,0.032264935064935066,0.0325714393939394,0.032467532467490415,77
30000,-15.3,0.03259913419913418,0.03244457792207792,0.03275195887445889,0.03267973856204015,77
30000,-15.2,0.03281645021645021,0.032657088744588746,0.032967099567099555,0.032894736842042534,77
30000,-15.1,0.0330138528138528,0.032857575757575745,0.03316278138528139,0.033112582781380344,77
30000,-15.0,0.03324329004329003,0.03308701298701299,0.033390476190476186,0.033333333333239755,77
30000,-14.9,0.03346753246753247,0.03331255411255411,0.033616028138528146,0.033557046979751474,77
30000,-14.8,0.03367878787878789,0.0335225,0.033826872294372305,0.03378378378364418,77
30000,-14.7,0.03390173160173161,0.033741103896103894,0.0340524025974026,0.034013605442006364,77
30000,-14.6,0.03412337662337663,0.03396839826839827,0.03427015151515151,0.034246575342257495,77
30000,-14.5,0.03436753246753247,0.034217294372294364,0.034514751082251084,0.03448275862043529,77
30000,-14.4,0.03462380952380952,0.03446536796536797,0.0347710064935065,0.03472222222191154,77
30000,-14.3,0.03487056277056277,0.034717727272727275,0.03502425324675325,0.03496503496465549,77
30000,-14.2,0.03511645021645023,0.034963203463203474,0.035270995670995675,0.03521126760517032,77
30000,-14.1,0.03536406926406927,0.03521038961038962,0.03551602813852814,0.03546099290723532,77
30000,-14.0,0.03562121212121214,0.03546316017316016,0.03578225108225108,0.03571428571359427,77
30000,-13.9,0.03586103896103897,0.03570909090909092,0.036020800865800874,0.035971223020738206,77
30000,-13.8,0.03614415584415584,0.0359896103896104,0.036310400432900444,0.03623188405693951,77
30000,-13.7,0.03639870129870129,0.03624282467532467,0.03656538961038961,0.03649635036370362,77
30000,-13.6,0.036657575757575764,0.036496536796536805,0.036821655844155844,0.03676470588081412,77
30000,-13.5,0.036916450216450215,0.03675411255411255,0.037085714285714284,0.037037037035157504,77
30000,-13.4,0.03719004329004329,0.037038073593073595,0.03734594155844156,0.03731343283352523,77
30000,-13.3,0.03745497835497835,0.037307326839826835,0.037606504329004344,0.03759398495960208,77
30000,-13.2,0.03774848484848484,0.03759516233766235,0.03790433982683982,0.037878787875363154,77
30000,-13.1,0.03803766233766232,0.03787877705627705,0.03820086580086579,0.038167938927114745,77
30000,-13.0,0.03832467532467531,0.03816145021645022,0.03849308441558443,0.03846153845642938,77
30000,-12.9,0.03862727272727272,0.03845670995670995,0.03880130952380953,0.03875968991624036,77
30000,-12.8,0.03893376623376623,0.03877791125541126,0.03909957792207794,0.03906249999237813,77
30000,-12.7,0.03924285714285714,0.03909133116883116,0.03940737012987012,0.039370078730848114,77
30000,-12.6,0.03955757575757576,0.039400822510822504,0.039718203463203455,0.03968253967116919,77
30000,-12.5,0.03989090909090909,0.039738517316017304,0.0400528354978355,0.039999999986112054,77
30000,-12.4,0.04022900432900434,0.040067932900432895,0.040398268398268405,0.04032258062819852,77
30000,-12.3,0.040563203463203475,0.040401709956709955,0.04072814935064935,0.04065040648334666,77
30000,-12.2,0.040912121212121205,0.040753658008657996,0.04108571428571427,0.040983606532071566,77
30000,-12.1,0.04126450216450218,0.041104751082251076,0.04143166666666667,0.04132231401867859,77
30000,-12.0,0.041622943722943714,0.041454512987012984,0.04179784632034632,0.04166666662891532,77
30000,-11.899999999999999,0.041984848484848465,0.04181557359307359,0.04215544372294375,0.042016806676579484,77
30000,-11.8,0.0423212121212121,0.042147186147186155,0.04249352813852812,0.042372881299613814,77
30000,-11.7,0.04269177489177492,0.042516450216450216,0.04286537878787879,0.0427350426662553,77
30000,-11.6,0.043064069264069284,0.04288916666666666,0.04323853896103897,0.04310344819184491,77
30000,-11.5,0.04342077922077923,0.04324805194805196,0.043597413419913425,0.04347826076694642,77
30000,-11.399999999999999,0.04379264069264069,0.04361255411255412,0.04397450216450217,0.043859648997468144,77
30000,-11.3,0.04419437229437227,0.04400988095238095,0.04437885281385282,0.04424778745753021,77
30000,-11.2,0.04460043290043288,0.044414707792207776,0.04478096320346321,0.04464285695587351,77
30000,-11.1,0.04499177489177489,0.04481081168831168,0.04516886363636363,0.045045044816662716,77
30000,-11.0,0.04540735930735931,0.04522553030303031,0.04558528138528138,0.045454545175598646,77
30000,-10.899999999999999,0.045781818181818174,0.04560690476190478,0.0459541774891775,0.045871559292321125,77
30000,-10.8,0.046197402597402584,0.04602337662337664,0.04636450216450216,0.04629629588015655,77
30000,-10.7,0.04665108225108225,0.04647269480519481,0.04681820346320348,0.0467289714543426,77
30000,-10.6,0.04709264069264072,0.046916883116883114,0.04726106060606061,0.047169810699947176,77
30000,-10.5,0.04754112554112557,0.0473614393939394,0.04771774891774892,0.047619046860791575,77
30000,-10.399999999999999,0.04801904761904762,0.047840205627705634,0.048205638528138535,0.048076922150787064,77
30000,-10.3,0.04850389610389609,0.048323365800865783,0.04869264069264067,0.04854368818920326,77
30000,-10.2,0.04895584415584415,0.04877531385281386,0.04913900432900434,0.04901960646150467,77
30000,-10.1,0.04943636363636364,0.04925798701298703,0.04962252164502165,0.04950494880751965,77
30000,-10.0,0.04992900432900433,0.04975323593073592,0.05012077922077922,0.04999999793884637,77
30000,-9.899999999999999,0.0504190476190476,0.05023765151515151,0.05061257575757576,0.05050504798755179,77
30000,-9.8,0.05096883116883117,0.050796461038961044,0.05115325757575758,0.05102040508838541,77
30000,-9.7,0.05150043290043292,0.05132248917748917,0.05168400432900432,0.051546387996910546,77
30000,-9.6,0.052030303030303024,0.051852770562770545,0.052217326839826855,0.05208332874615157,77
30000,-9.5,0.052574025974025954,0.05239176406926408,0.05276190476190477,0.05263157334457195,77
30000,-9.399999999999999,0.05313073593073594,0.05294411255411254,0.05331125541125541,0.05319148251843107,77
30000,-9.3,0.053725541125541135,0.053539794372294384,0.05391038961038962,0.05376343250182487,77
30000,-9.2,0.054283116883116884,0.05410252164502164,0.054464512987012985,0.0543478158779957,77
30000,-9.1,0.054882251082251074,0.054680519480519496,0.05507404761904761,0.054945042475802,77
30000,-9.0,0.05546060606060606,0.05526103896103896,0.05565325757575759,0.055555540325575574,77
30000,-8.899999999999999,0.0560995670995671,0.0559038852813853,0.056295692640692625,0.056179756678959275,77
30000,-8.8,0.05675064935064932,0.056554523809523805,0.05694248917748919,0.05681815909772137,77
30000,-8.7,0.05738917748917748,0.057190844155844155,0.05758622294372294,0.057471236616982904,77
30000,-8.6,0.05804242424242424,0.05783159090909092,0.05824202380952381,0.058139500988776516,77
30000,-8.5,0.058717748917748926,0.05851253246753245,0.05891688311688311,0.0588234880123858,77
30000,-8.399999999999999,0.05943160173160174,0.05922250000000002,0.05963248917748917,0.059523758958493496,77
30000,-8.3,0.06016709956709957,0.05995367965367966,0.06037621212121212,0.06024090209480451,77
30000,-8.2,0.0609134199134199,0.06069430735930735,0.061137683982683974,0.06097553432150838,77
30000,-8.1,0.06171688311688313,0.061493495670995664,0.06193853896103896,0.06172830292571156,77
30000,-8.0,0.06249783549783547,0.06226017316017316,0.06272778138528139,0.062499887464812616,77
30000,-7.9,0.06331601731601734,0.06307271645021646,0.06355286796536798,0.06329100178971464,77
30000,-7.799999999999999,0.06409004329004327,0.06385192640692641,0.06432987012987013,0.06410239621978292,77
30000,-7.699999999999999,0.0649264069264069,0.06469475108225108,0.0651558658008658,0.06493485988256534,77
30000,-7.6,0.06576623376623376,0.06552852813852814,0.06600260822510823,0.06578922323251056,77
30000,-7.5,0.06666017316017316,0.06642853896103895,0.0668943722943723,0.06666636076425259,77
30000,-7.4,0.06752683982683984,0.06728785714285711,0.06776454545454545,0.06756719393748997,77
30000,-7.299999999999999,0.0684792207792208,0.06824153679653681,0.06871352813852816,0.06849269433208646,77
30000,-7.199999999999999,0.06949090909090908,0.06923939393939396,0.06973420995670997,0.06944388705376449,77
30000,-7.1,0.07045367965367967,0.0702155735930736,0.07068616883116885,0.07042185441266972,77
30000,-7.0,0.07147792207792204,0.07123722943722946,0.0717160497835498,0.07142773989916087,77
30000,-6.9,0.07254025974025972,0.07230388528138529,0.07277705627705627,0.07246275248343952,77
30000,-6.799999999999999,0.07357056277056279,0.0733294264069264,0.07380347402597404,0.07352817126808711,77
30000,-6.699999999999999,0.07468181818181817,0.07444284632034633,0.07492035714285714,0.07462535052523399,77
30000,-6.6,0.0758125541125541,0.07557400432900434,0.07604251082251082,0.07575572515295345,77
30000,-6.5,0.07697445887445886,0.0767276948051948,0.07721862554112557,0.07692081658856084,77
30000,-6.399999999999999,0.07817532467532472,0.0779116774891775,0.07842338744588746,0.07812223921980609,77
30000,-6.299999999999999,0.0793883116883117,0.07912813852813853,0.07964503246753249,0.07936170733847471,77
30000,-6.199999999999999,0.08069047619047616,0.08044019480519482,0.08093899350649353,0.08064104268465222,77
30000,-6.1,0.08203203463203466,0.08178398268398271,0.08227316017316018,0.08196218263384139,77
30000,-6.0,0.08341818181818184,0.08316920995670996,0.08366756493506496,0.08332718908322842,77
30000,-5.899999999999999,0.0848822510822511,0.08462895021645024,0.08513766233766233,0.08473825809763054,77
30000,-5.799999999999999,0.08632467532467532,0.08607574675324675,0.08658790043290045,0.08619773037996997,77
30000,-5.699999999999999,0.08786926406926406,0.08762121212121211,0.08811479437229437,0.08770810263543116,77
30000,-5.6,0.08937402597402593,0.08912206709956713,0.08963116883116881,0.08927203990266241,77
30000,-5.5,0.09096883116883119,0.09069824675324675,0.09123637445887448,0.0908923889293492,77
30000,-5.399999999999999,0.09264069264069263,0.09236968614718614,0.09290911255411258,0.09257219267303321,77
30000,-5.299999999999999,0.09433593073593072,0.09405411255411254,0.094606158008658,0.09431470601095494,77
30000,-5.199999999999999,0.09610649350649353,0.09582597402597402,0.09637542207792207,0.09612341274467356,77
30000,-5.1,0.097947619047619,0.09768656926406923,0.09820997835497836,0.09800204398590645,77
30000,-5.0,0.09991298701298702,0.09964199134199136,0.10018054112554113,0.09995459800899031,77
30000,-4.899999999999999,0.10194502164502162,0.10168007575757579,0.10221043290043291,0.10198536165204806,77
30000,-4.799999999999999,0.10406666666666665,0.1038012878787879,0.10433464285714288,0.10409893334268339,77
30000,-4.699999999999999,0.10628744588744589,0.10601334415584417,0.1065536904761905,0.10630024781401047,77
30000,-4.6,0.10855454545454549,0.1082748917748918,0.10882901515151516,0.10859460256208363,77
30000,-4.5,0.1109874458874459,0.11071384199134199,0.1112654329004329,0.11098768607516492,77
30000,-4.399999999999999,0.11347272727272727,0.11319522727272727,0.11375109307359309,0.11348560783738303,77
30000,-4.299999999999999,0.11606190476190473,0.11578959956709957,0.11633898268398271,0.11609493007258964,77
30000,-4.199999999999999,0.11875238095238097,0.11846836580086581,0.11903724025974027,0.1188227011467537,77
30000,-4.1,0.12156709956709955,0.12129084415584418,0.12185152597402596,0.12167649048691542,77
30000,-4.0,0.12456796536796537,0.12429087662337665,0.12485110389610389,0.12466442479915875,77
30000,-3.8999999999999986,0.1277047619047619,0.12745232683982685,0.12797492424242427,0.12779522527457982,77
30000,-3.799999999999999,0.13098658008658012,0.13073202380952378,0.13125890692640693,0.13107824535794163,77
30000,-3.6999999999999993,0.1345004329004329,0.13421082251082253,0.13481559523809528,0.1345235085155456,77
30000,-3.5999999999999996,0.1381034632034632,0.1377925757575758,0.13842343073593075,0.1381417452736923,77
30000,-3.5,0.141917316017316,0.14160033549783546,0.14225110389610388,0.14194442860392112,77
30000,-3.3999999999999986,0.14586277056277058,0.14553021645021647,0.14620354978354974,0.14594380650331393,77
30000,-3.299999999999999,0.15002164502164506,0.14969867965367967,0.15036363636363637,0.150152930355478,77
30000,-3.1999999999999993,0.15456406926406918,0.15425536796536804,0.15488793290043298,0.15458567735943776,77
30000,-3.0999999999999996,0.15925757575757574,0.15894920995670994,0.1595840800865801,0.15925676498025454,77
30000,-3.0,0.16420735930735936,0.16390127705627705,0.16453550865800864,0.16418175500982207,77
30000,-2.8999999999999986,0.1694636363636364,0.1691462878787879,0.1697823051948052,0.16937704443523158,77
30000,-2.799999999999999,0.17489826839826833,0.17456231601731598,0.1752402813852814,0.17485983990588888,77
30000,-2.6999999999999993,0.18074935064935066,0.1804168506493507,0.181078354978355,0.18064811218512525,77
30000,-2.5999999999999996,0.18682034632034633,0.1864826731601731,0.18716235930735936,0.18676052658989672,77
30000,-2.5,0.19320216450216451,0.19284891774891777,0.19355888528138526,0.19321634509369578,77
30000,-2.3999999999999986,0.19993982683982686,0.19957692640692642,0.200308658008658,0.20003529553220692,77
30000,-2.299999999999999,0.20715497835497837,0.2068008658008659,0.20750780303030306,0.207237403257263,77
30000,-2.1999999999999993,0.21478701298701297,0.2144137987012987,0.21514729437229438,0.21484278069049179,77
30000,-2.0999999999999996,0.2228904761904762,0.22252119047619048,0.22323853896103904,0.22287137060023432,77
30000,-2.0,0.23150216450216451,0.2311133225108225,0.23188445887445885,0.23134263963622595,77
30000,-1.8999999999999986,0.2404705627705628,0.24004924242424241,0.24085585497835504,0.2402752197797528,77
30000,-1.799999999999999,0.24985584415584416,0.24942337662337669,0.2502545887445888,0.24968649697051884,77
30000,-1.6999999999999993,0.2597922077922078,0.25937049783549776,0.2601853138528139,0.2595921483081773,77
30000,-1.5999999999999996,0.26987792207792205,0.2694696969696969,0.2702571536796537,0.27000563192211113,77
30000,-1.5,0.2807190476190476,0.2802873376623377,0.28113985930735924,0.28093763684207734,77
30000,-1.3999999999999986,0.29235714285714287,0.2919237662337663,0.2927597402597403,0.2923955039129091,77
30000,-1.299999999999999,0.3043796536796536,0.3039125541125542,0.30482216450216454,0.3043826328364466,77
30000,-1.1999999999999993,0.3170303030303029,0.3165718506493506,0.3174822619047619,0.31689789457049133,77
30000,-1.0999999999999996,0.3299359307359308,0.32949859307359314,0.33036584415584413,0.32993507226129837,77
30000,-1.0,0.3435679653679653,0.34308613636363644,0.34402692640692645,0.3434823572503344,77
30000,-0.8999999999999986,0.3575303030303028,0.3570653571428572,0.35799016233766234,0.3575219290405499,77
30000,-0.7999999999999989,0.3722095238095238,0.37168992424242425,0.3727113311688311,0.3720296489781469,77
30000,-0.6999999999999993,0.387183116883117,0.3866346103896104,0.3877127380952381,0.38697489638439964,77
30000,-0.5999999999999996,0.402574025974026,0.40202251082251084,0.40313465367965373,0.4023205726400002,77
30000,-0.5,0.4182619047619048,0.41772767316017323,0.4188204545454546,0.41802329313067366,77
30000,-0.3999999999999986,0.4345515151515152,0.4340228463203464,0.4351125757575759,0.43403377908390606,77
30000,-0.29999999999999893,0.4510969696969697,0.45060518398268407,0.45158831168831165,0.45029745150579603,77
30000,-0.1999999999999993,0.4674857142857142,0.4670103138528139,0.4679541341991342,0.4667552182802637,77
30000,-0.09999999999999964,0.4840939393939393,0.4836015367965367,0.48454979437229423,0.48334443387300485,77
30000,0.0,0.500678354978355,0.5001934956709957,0.501111396103896,0.5,77
30000,0.10000000000000142,0.5171809523809524,0.5166882359307359,0.5176416125541127,0.5166555661269951,77
30000,0.1999999999999993,0.5337428571428571,0.5332233333333334,0.5342385822510823,0.5332447817197363,77
30000,0.3000000000000007,0.5501731601731602,0.5496308549783551,0.5506780303030303,0.5497025484942044,77
30000,0.40000000000000213,0.5664458874458878,0.5658952056277056,0.5669515259740259,0.5659662209160945,77
30000,0.5,0.5823969696969697,0.581863116883117,0.5829086796536798,0.5819767068693265,77
30000,0.6000000000000014,0.5979246753246755,0.5973652272727275,0.5984754112554113,0.5976794273599998,77
30000,0.6999999999999993,0.6132415584415585,0.6126285606060609,0.6138425541125541,0.6130251036156004,77
30000,0.8000000000000007,0.6280337662337664,0.6274315151515151,0.6286004761904763,0.6279703510218534,77
30000,0.9000000000000021,0.6425203463203463,0.6419648701298702,0.6430614826839826,0.6424780709594506,77
30000,1.0,0.65655670995671,0.655992640692641,0.657112564935065,0.6565176427496657,77
30000,1.1000000000000014,0.6701385281385283,0.6695986038961037,0.6706714826839827,0.6700649277387019,77
30000,1.1999999999999993,0.6832627705627708,0.6827307142857143,0.6838022294372296,0.6831021054295086,77
30000,1.3000000000000007,0.695717748917749,0.6952034523809524,0.6962454978354977,0.6956173671635535,77
30000,1.4000000000000021,0.7078346320346324,0.7073562337662337,0.7083481601731602,0.7076044960870913,77
30000,1.5,0.719130735930736,0.7186471428571429,0.719653831168831,0.7190623631579227,77
30000,1.6000000000000014,0.7300766233766235,0.7296060606060606,0.7305741125541126,0.7299943680778889,77
30000,1.6999999999999993,0.74042987012987,0.739948041125541,0.7409160173160171,0.7404078516918227,77
30000,1.8000000000000007,0.7503259740259739,0.7498947294372295,0.750764512987013,0.7503135030294814,77
30000,1.9000000000000021,0.7596593073593074,0.7592545129870131,0.7600658116883119,0.7597247802202476,77
30000,2.0,0.7685558441558441,0.7681384090909092,0.7689589177489178,0.7686573603637741,77
30000,2.1000000000000014,0.7769982683982686,0.7765909090909093,0.7774178030303031,0.7771286293997659,77
30000,2.1999999999999993,0.7850961038961041,0.7846904761904763,0.7855368181818179,0.7851572193095082,77
30000,2.3000000000000007,0.7926852813852812,0.7923116774891777,0.7930831385281388,0.7927625967427371,77
30000,2.400000000000002,0.7998930735930736,0.7995384956709958,0.8002619264069264,0.7999647044677934,77
30000,2.5,0.8066502164502167,0.8063038636363636,0.8070044480519482,0.8067836549063043,77
30000,2.6000000000000014,0.8131662337662338,0.8127973701298701,0.8135381818181818,0.8132394734101035,77
30000,2.6999999999999993,0.8194186147186145,0.8190341883116885,0.819797435064935,0.8193518878148748,77
30000,2.8000000000000007,0.8251619047619049,0.824791277056277,0.8255294480519476,0.8251401600941112,77
30000,2.900000000000002,0.8306112554112555,0.8302306601731603,0.8310021861471862,0.8306229555647686,77
30000,3.0,0.8357419913419917,0.835386103896104,0.8361012987012989,0.835818244990178,77
30000,3.1000000000000014,0.8406935064935065,0.8403691883116883,0.8410225324675324,0.8407432350197455,77
30000,3.200000000000003,0.8453069264069263,0.8449912987012987,0.8456372294372293,0.8454143226405625,77
30000,3.3000000000000007,0.8497138528138528,0.8493965367965367,0.8500225108225107,0.8498470696445221,77
30000,3.400000000000002,0.8539554112554112,0.8536380735930733,0.8542688528138527,0.8540561934966862,77
30000,3.5,0.8581160173160173,0.8578099134199133,0.8584060714285714,0.8580555713960789,77
30000,3.6000000000000014,0.8618809523809522,0.861575303030303,0.8621658116883115,0.8618582547263078,77
30000,3.700000000000003,0.865412987012987,0.8651190476190478,0.8656887662337662,0.8654764914844546,77
30000,3.8000000000000007,0.8689103896103899,0.8686294155844156,0.8691918506493508,0.8689217546420585,77
30000,3.900000000000002,0.8721640692640691,0.8718700974025972,0.8724770887445888,0.8722047747254202,77
30000,4.0,0.8752597402597402,0.8749497727272728,0.8755740692640694,0.8753355752008412,77
30000,4.100000000000001,0.878165367965368,0.8778571103896103,0.8784714935064938,0.8783235095130847,77
30000,4.200000000000003,0.8810575757575757,0.8807484632034633,0.8813749242424244,0.8811772988532464,77
30000,4.300000000000001,0.8837926406926404,0.8834939393939395,0.8840926731601733,0.8839050699274105,77
30000,4.400000000000002,0.8863987012987014,0.8860987012987014,0.886710854978355,0.8865143921626171,77
30000,4.5,0.8889350649350648,0.8886185930735933,0.8892654437229438,0.8890123139248349,77
30000,4.600000000000001,0.8913580086580085,0.8910588636363634,0.8916645346320347,0.8914053974379165,77
30000,4.700000000000003,0.8935887445887445,0.8933120346320348,0.8938835714285714,0.8936997521859896,77
30000,4.800000000000001,0.8958761904761903,0.89560775974026,0.8961606168831169,0.8959010666573167,77
30000,4.900000000000002,0.8979606060606062,0.8976942424242426,0.8982428896103895,0.898014638347952,77
30000,5.0,0.8999329004329004,0.8996778787878787,0.9001939502164501,0.9000454019910097,77
30000,5.100000000000001,0.9018047619047622,0.9015445670995672,0.9020762012987011,0.9019979560140935,77
30000,5.200000000000003,0.9037493506493505,0.9034791883116885,0.904029015151515,0.9038765872553264,77
30000,5.300000000000001,0.9055545454545454,0.9053012445887446,0.9058359523809525,0.9056852939890452,77
30000,5.400000000000002,0.907276623376623,0.9070268290043292,0.9075493831168832,0.9074278073269668,77
30000,5.5,0.9089857142857141,0.9087441450216451,0.9092554220779219,0.9091076110706507,77
30000,5.600000000000001,0.9105991341991341,0.9103614610389609,0.9108558658008659,0.9107279600973376,77
30000,5.700000000000003,0.9121454545454543,0.9119077922077922,0.9124000108225108,0.912291897364569,77
30000,5.800000000000001,0.9137008658008658,0.9134662121212122,0.9139484956709957,0.9138022696200302,77
30000,5.900000000000002,0.9152047619047619,0.9149705086580088,0.9154354978354982,0.9152617419023694,77
30000,6.0,0.9166424242424237,0.9163921861471864,0.9168874567099566,0.9166728109167716,77
30000,6.100000000000001,0.9179619047619049,0.9177185497835497,0.9182039718614721,0.9180378173661586,77
30000,6.200000000000003,0.9192969696969696,0.919053658008658,0.9195311904761904,0.9193589573153478,77
30000,6.300000000000001,0.9206389610389607,0.9204177489177491,0.920852391774892,0.9206382926615253,77
30000,6.400000000000002,0.9219177489177489,0.9216948051948052,0.9221420129870129,0.9218777607801938,77
30000,6.5,0.9231203463203465,0.9228948051948054,0.9233411363636367,0.9230791834114391,77
30000,6.600000000000001,0.924260606060606,0.9240354978354979,0.9244857467532466,0.9242442748470467,77
30000,6.700000000000003,0.9253774891774889,0.9251566883116882,0.9255957142857142,0.9253746494747661,77
30000,6.800000000000001,0.9264805194805192,0.9262727056277056,0.9266909199134197,0.9264718287319129,77
30000,6.900000000000002,0.9275242424242421,0.9273129870129873,0.9277459090909094,0.9275372475165605,77
30000,7.0,0.92859696969697,0.9283714285714288,0.9288325432900435,0.928572260100839,77
30000,7.100000000000001,0.9296203463203463,0.9294008549783548,0.9298489177489179,0.9295781455873303,77
30000,7.200000000000003,0.9306177489177484,0.9303982467532469,0.9308545562770563,0.9305561129462356,77
30000,7.300000000000001,0.9315571428571429,0.931351904761905,0.9317757792207793,0.9315073056679135,77
30000,7.400000000000002,0.9324826839826837,0.9322835497835501,0.9326922186147185,0.93243280606251,77
30000,7.5,0.9333584415584416,0.9331471753246755,0.9335779329004329,0.9333336392357474,77
30000,7.600000000000001,0.9342077922077922,0.9340004220779222,0.9344255519480521,0.9342107767674893,77
30000,7.700000000000003,0.9350666666666667,0.9348545454545458,0.9353004870129871,0.9350651401174347,77
30000,7.800000000000001,0.9359108225108224,0.93570908008658,0.9361303138528139,0.9358976037802171,77
30000,7.900000000000002,0.9367151515151515,0.93649908008658,0.9369359632034635,0.9367089982102853,77
30000,8.0,0.9375290043290045,0.9373134090909092,0.9377428896103894,0.9375001125351874,77
30000,8.100000000000001,0.9382865800865802,0.938066233766234,0.9385034848484848,0.9382716970742885,77
30000,8.200000000000003,0.9389757575757575,0.9387545346320348,0.9391974134199134,0.9390244656784917,77
30000,8.3,0.9397034632034631,0.9394727056277057,0.939935140692641,0.9397590979051956,77
30000,8.400000000000002,0.9403675324675325,0.9401449891774893,0.940593971861472,0.9404762410415066,77
30000,8.5,0.9410878787878788,0.9408614610389612,0.9413156277056279,0.9411765119876141,77
30000,8.600000000000001,0.9418082251082249,0.9415826515151516,0.9420407359307363,0.9418604990112235,77
30000,8.700000000000003,0.9424844155844155,0.942270119047619,0.9427091450216448,0.9425287633830172,77
30000,8.8,0.9431246753246751,0.9429086255411255,0.943357619047619,0.9431818409022786,77
30000,8.900000000000002,0.9438095238095238,0.9436112554112553,0.9440216450216449,0.9438202433210409,77
30000,9.0,0.9444623376623379,0.9442588744588747,0.9446753463203466,0.9444444596744244,77
30000,9.100000000000001,0.945064935064935,0.9448501948051947,0.9452770995670997,0.945054957524198,77
30000,9.200000000000003,0.9456883116883111,0.945475746753247,0.9458987121212123,0.9456521841220042,77
30000,9.3,0.9462701298701298,0.9460618722943723,0.9464757683982684,0.9462365674981752,77
30000,9.400000000000002,0.9468229437229435,0.9466086580086582,0.9470251406926409,0.9468085174815689,77
30000,9.5,0.9474255411255412,0.9472177489177492,0.9476316450216451,0.9473684266554281,77
30000,9.600000000000001,0.9479354978354975,0.9477307142857142,0.948146352813853,0.9479166712538484,77
30000,9.700000000000003,0.948507792207792,0.9483034523809526,0.948725551948052,0.9484536120030895,77
30000,9.8,0.9490376623376626,0.9488333225108228,0.9492472077922077,0.9489795949116147,77
30000,9.900000000000002,0.9495757575757577,0.9493757142857142,0.9497813961038961,0.9494949520124484,77
30000,10.0,0.9501108225108231,0.9499082034632038,0.9503182034632036,0.9500000020611536,77
30000,10.100000000000001,0.9505748917748917,0.9503753246753249,0.950782261904762,0.9504950511924803,77
30000,10.200000000000003,0.9510562770562775,0.950859285714286,0.9512658225108224,0.9509803935384954,77
30000,10.3,0.9515341991341992,0.9513333333333335,0.9517359415584417,0.9514563118107968,77
30000,10.400000000000002,0.9520251082251083,0.9518363636363636,0.9522246969696971,0.951923077849213,77
30000,10.5,0.9524891774891773,0.9523060173160172,0.9526853030303031,0.9523809531392085,77
30000,10.600000000000001,0.9529584415584413,0.9527761796536794,0.9531519588744587,0.9528301893000529,77
30000,10.700000000000003,0.9533956709956712,0.9532199134199134,0.9535839826839827,0.9532710285456575,77
30000,10.8,0.9538441558441558,0.9536562770562773,0.9540359523809528,0.9537037041198435,77
30000,10.900000000000002,0.954255411255411,0.9540649242424242,0.954451536796537,0.9541284407076789,77
30000,11.0,0.9546536796536795,0.9544688203463204,0.9548437554112554,0.9545454548244015,77
30000,11.100000000000001,0.955052380952381,0.9548757575757575,0.9552420021645022,0.9549549551833374,77
30000,11.200000000000003,0.9554835497835499,0.9553025974025973,0.9556762121212122,0.9553571430441267,77
30000,11.3,0.9558861471861472,0.9557146969696968,0.9560723051948051,0.9557522125424699,77
30000,11.400000000000002,0.9562558441558443,0.9560809523809527,0.9564494047619048,0.9561403510025318,77
30000,11.5,0.9566415584415581,0.9564696753246753,0.9568246969696971,0.9565217392330536,77
30000,11.600000000000001,0.9570268398268399,0.9568571320346323,0.9572112554112554,0.9568965518081551,77
30000,11.700000000000003,0.9574186147186147,0.9572531926406928,0.957595692640693,0.9572649573337447,77
30000,11.8,0.9577943722943721,0.9576290043290043,0.9579701623376624,0.9576271187003863,77
30000,11.900000000000002,0.9581389610389611,0.9579718506493506,0.9583181926406927,0.9579831933234205,77
30000,12.0,0.9584731601731601,0.9583090800865801,0.9586454653679655,0.9583333333710847,77
30000,12.100000000000001,0.9588398268398269,0.9586818073593074,0.959008235930736,0.9586776859813214,77
30000,12.200000000000003,0.959182683982684,0.9590276948051948,0.9593506601731603,0.9590163934679286,77
30000,12.3,0.9595212121212121,0.9593627705627706,0.9596883116883115,0.9593495935166535,77
30000,12.400000000000002,0.9598441558441555,0.9596908982683982,0.960009577922078,0.9596774193718016,77
30000,12.5,0.9601350649350646,0.9599835497835499,0.9602982683982682,0.960000000013888,77
30000,12.600000000000001,0.9604419913419916,0.9602874350649352,0.9606052272727275,0.9603174603288308,77
30000,12.700000000000003,0.9607329004329004,0.9605735822510825,0.9609004329004331,0.9606299212691519,77
30000,12.8,0.9610311688311688,0.9608718506493508,0.9611974134199132,0.9609375000076219,77
30000,12.900000000000002,0.9613489177489173,0.9611900324675328,0.9615179112554112,0.9612403100837598,77
30000,13.0,0.9616506493506491,0.9614878787878788,0.9618186147186145,0.9615384615435708,77
30000,13.100000000000001,0.9619329004329008,0.961765357142857,0.9621021645021642,0.9618320610728854,77
30000,13.200000000000003,0.9621969696969696,0.9620315584415585,0.9623666774891777,0.962121212124637,77
30000,13.3,0.9624783549783551,0.9623077922077925,0.9626502380952381,0.9624060150403979,77
30000,13.400000000000002,0.9627640692640693,0.9625943614718616,0.9629355086580087,0.9626865671664748,77
30000,13.5,0.963052380952381,0.9628818073593077,0.9632247077922079,0.9629629629648426,77
30000,13.600000000000001,0.963312121212121,0.9631466450216449,0.9634848701298704,0.9632352941191861,77
30000,13.700000000000003,0.9635943722943723,0.963425854978355,0.9637649675324677,0.9635036496362964,77
30000,13.8,0.9638367965367964,0.9636662121212124,0.9640091017316021,0.9637681159430606,77
30000,13.900000000000002,0.9640913419913418,0.9639233549783549,0.9642584523809528,0.9640287769792619,77
30000,14.0,0.9643372294372299,0.9641731277056275,0.9645069372294374,0.9642857142864057,77
30000,14.100000000000001,0.964590909090909,0.964425497835498,0.9647623593073594,0.9645390070927649,77
30000,14.200000000000003,0.9648523809523809,0.9646917640692643,0.9650155844155845,0.9647887323948299,77
30000,14.3,0.9651099567099569,0.9649554004329005,0.9652666774891774,0.9650349650353445,77
30000,14.400000000000002,0.965364502164502,0.9652060606060608,0.9655199350649352,0.9652777777780884,77
30000,14.5,0.9655956709956715,0.9654320346320349,0.9657541341991343,0.9655172413795649,77
30000,14.600000000000001,0.9658225108225104,0.9656679437229436,0.9659749134199135,0.9657534246577425,77
30000,14.700000000000003,0.966031168831169,0.9658796320346322,0.9661805411255412,0.9659863945579936,77
30000,14.8,0.9662441558441559,0.9660960930735933,0.9663974025974028,0.9662162162163559,77
30000,14.900000000000002,0.966470562770563,0.9663255086580087,0.9666134523809523,0.9664429530202486,77
30000,15.0,0.9666770562770565,0.9665255303030302,0.9668238311688314,0.9666666666667604,77
30000,15.100000000000001,0.9669142857142855,0.966765800865801,0.9670615043290044,0.9668874172186197,77
30000,15.200000000000003,0.9671454545454542,0.9669965367965371,0.9672965584415587,0.9671052631579575,77
30000,15.3,0.9673670995670994,0.9672138419913422,0.9675156277056278,0.96732026143796,77
30000,15.400000000000002,0.9675757575757573,0.9674333225108224,0.9677242532467534,0.9675324675325098,77
30000,15.5,0.9678095238095238,0.9676618614718617,0.9679606709956708,0.9677419354839054,77
30000,15.600000000000001,0.9680320346320342,0.9678861255411256,0.9681775,0.9679487179487462,77
30000,15.700000000000003,0.9682337662337662,0.9680883008658013,0.9683727380952387,0.9681528662420613,77
30000,15.8,0.9684363636363635,0.9682956709956708,0.9685757683982684,0.9683544303797658,77
30000,15.900000000000002,0.9686311688311692,0.968485248917749,0.9687740367965368,0.9685534591195124,77
30000,16.0,0.9688268398268398,0.9686864935064935,0.968966699134199,0.9687500000000127,77
100000,-16.0,0.03123116883116883,0.031152077922077925,0.03131053246753248,0.031249999999987337,77
100000,-15.9,0.03143064935064936,0.03134869805194805,0.031508873376623385,0.03144654088048768,77
100000,-15.8,0.03163532467532467,0.0315545422077922,0.031716113636363646,0.031645569620234265,77
100000,-15.7,0.03183701298701301,0.03175335714285715,0.031920396103896104,0.031847133757938705,77
100000,-15.6,0.03204571428571428,0.031959740259740264,0.03212741883116883,0.03205128205125387,77
100000,-15.5,0.03227012987012987,0.03218389610389612,0.03235403246753248,0.03225806451609461,77
100000,-15.4,0.03247194805194807,0.03238778246753248,0.032557412337662336,0.032467532467490415,77
100000,-15.3,0.03267506493506494,0.03258896103896104,0.032760285714285714,0.03267973856204015,77
100000,-15.2,0.032897532467532464,0.032815058441558444,0.03298207792207792,0.032894736842042534,77
100000,-15.1,0.03311597402597402,0.03303297402597403,0.03320168831168831,0.033112582781380344,77
100000,-15.0,0.03332402597402598,0.03324129220779221,0.03340871753246753,0.033333333333239755,77
100000,-14.9,0.03355493506493506,0.0334719448051948,0.03363922402597404,0.033557046979751474,77
100000,-14.8,0.03378610389610389,0.03370622402597403,0.033865714285714284,0.03378378378364418,77
100000,-14.7,0.034009610389610395,0.03392829220779221,0.034089490259740264,0.034013605442006364,77
100000,-14.6,0.034236883116883096,0.03415532142857143,0.03431688961038961,0.034246575342257495,77
100000,-14.5,0.034465194805194825,0.03438401948051948,0.03454624675324675,0.03448275862043529,77
100000,-14.4,0.03470246753246754,0.0346209090909091,0.03478390259740261,0.03472222222191154,77
100000,-14.3,0.034944025974025954,0.034860120129870144,0.03502572402597402,0.03496503496465549,77
100000,-14.2,0.03519272727272728,0.03510438636363637,0.035280139610389616,0.03521126760517032,77
100000,-14.1,0.03543727272727273,0.035348175324675324,0.03552637337662338,0.03546099290723532,77
100000,-14.0,0.035682467532467545,0.03559427597402598,0.035771172077922096,0.03571428571359427,77
100000,-13.9,0.03593779220779222,0.03585310064935065,0.0360254642857143,0.035971223020738206,77
100000,-13.8,0.03619350649350648,0.03610856818181818,0.03627999999999999,0.03623188405693951,77
100000,-13.7,0.03645974025974026,0.03637908116883117,0.0365410487012987,0.03649635036370362,77
100000,-13.6,0.03673064935064937,0.03664722727272727,0.036815457792207795,0.03676470588081412,77
100000,-13.5,0.03700883116883116,0.036926616883116894,0.037091691558441574,0.037037037035157504,77
100000,-13.4,0.03729428571428572,0.03721246103896104,0.03737923376623377,0.03731343283352523,77
100000,-13.3,0.03756779220779221,0.03748207467532466,0.03765286363636363,0.03759398495960208,77
100000,-13.2,0.037849090909090916,0.037762714285714274,0.03793584415584415,0.037878787875363154,77
100000,-13.1,0.03812493506493507,0.03804064935064935,0.0382119642857143,0.038167938927114745,77
100000,-13.0,0.03842441558441559,0.03834388961038961,0.03850961038961039,0.03846153845642938,77
100000,-12.9,0.03872051948051948,0.03863908116883118,0.03880469155844156,0.03875968991624036,77
100000,-12.8,0.039030649350649343,0.03894986688311688,0.039114029220779216,0.03906249999237813,77
100000,-12.7,0.039347012987012986,0.039266233766233775,0.03942847077922078,0.039370078730848114,77
100000,-12.6,0.03966415584415584,0.03958258116883118,0.039750532467532476,0.03968253967116919,77
100000,-12.5,0.03999116883116882,0.03990790909090909,0.040079876623376635,0.039999999986112054,77
100000,-12.4,0.04030714285714286,0.040220256493506475,0.04039805519480519,0.04032258062819852,77
100000,-12.3,0.04062974025974025,0.04053999675324677,0.04072000974025975,0.04065040648334666,77
100000,-12.2,0.0409642857142857,0.04087116233766233,0.04105753571428571,0.040983606532071566,77
100000,-12.1,0.04129077922077923,0.04120219805194807,0.04138584740259741,0.04132231401867859,77
100000,-12.0,0.04163454545454545,0.04154194155844156,0.041731821428571444,0.04166666662891532,77
100000,-11.899999999999999,0.04198441558441558,0.0418933603896104,0.04208338311688312,0.042016806676579484,77
100000,-11.8,0.04232675324675325,0.04223243181818182,0.04242974350649351,0.042372881299613814,77
100000,-11.7,0.0426812987012987,0.04258359740259741,0.04278351298701299,0.0427350426662553,77
100000,-11.6,0.04305129870129869,0.04294791233766235,0.043155457792207794,0.04310344819184491,77
100000,-11.5,0.04342714285714286,0.04332557467532469,0.043531951298701285,0.04347826076694642,77
100000,-11.399999999999999,0.04383103896103897,0.04372986038961039,0.04393754545454546,0.043859648997468144,77
100000,-11.3,0.04423961038961038,0.044138181818181826,0.04434363636363635,0.04424778745753021,77
100000,-11.2,0.044628441558441555,0.04453036363636363,0.04472885064935066,0.04464285695587351,77
100000,-11.1,0.0450351948051948,0.04493765909090909,0.04513636363636364,0.045045044816662716,77
100000,-11.0,0.04544558441558441,0.04535075,0.045547535714285714,0.045454545175598646,77
100000,-10.899999999999999,0.0458603896103896,0.045767792207792216,0.045961704545454535,0.045871559292321125,77
100000,-10.8,0.04628298701298702,0.04619025324675324,0.04638649675324676,0.04629629588015655,77
100000,-10.7,0.04670324675324676,0.04661010064935066,0.04680962337662338,0.0467289714543426,77
100000,-10.6,0.04714766233766235,0.047052587662337664,0.04725415584415585,0.047169810699947176,77
100000,-10.5,0.047604805194805186,0.04751127597402599,0.04770494155844157,0.047619046860791575,77
100000,-10.399999999999999,0.04806662337662339,0.04797168506493507,0.04816731818181818,0.048076922150787064,77
100000,-10.3,0.048535064935064924,0.04844152272727273,0.048635720779220785,0.04854368818920326,77
100000,-10.2,0.04902207792207793,0.048929996753246746,0.04912143181818183,0.04901960646150467,77
100000,-10.1,0.0495103896103896,0.04942311688311689,0.04960506493506494,0.04950494880751965,77
100000,-10.0,0.050013766233766244,0.04992675,0.05011012987012987,0.04999999793884637,77
100000,-9.899999999999999,0.05052805194805194,0.050437639610389606,0.05062363636363638,0.05050504798755179,77
100000,-9.8,0.05104571428571428,0.05095220779220781,0.05114104220779221,0.05102040508838541,77
100000,-9.7,0.05160675324675326,0.05151311363636364,0.05170522077922078,0.051546387996910546,77
100000,-9.6,0.05212155844155845,0.05202571428571427,0.052220272727272705,0.05208332874615157,77
100000,-9.5,0.05266961038961038,0.05257284090909093,0.05276922402597404,0.05263157334457195,77
100000,-9.399999999999999,0.053240389610389606,0.053142327922077924,0.05333950974025975,0.05319148251843107,77
100000,-9.3,0.05381181818181817,0.05371337012987013,0.053910532467532475,0.05376343250182487,77
100000,-9.2,0.054392857142857146,0.0542938668831169,0.05449091883116884,0.0543478158779957,77
100000,-9.1,0.05499285714285711,0.054888899350649355,0.05509170454545455,0.054945042475802,77
100000,-9.0,0.05558896103896104,0.05548181493506494,0.055692337662337665,0.055555540325575574,77
100000,-8.899999999999999,0.05621467532467535,0.05610739935064936,0.056314162337662364,0.056179756678959275,77
100000,-8.8,0.05683129870129869,0.056725191558441544,0.056932084415584415,0.05681815909772137,77
100000,-8.7,0.057475974025974014,0.057364155844155856,0.05758250000000002,0.057471236616982904,77
100000,-8.6,0.058134935064935084,0.05802645454545455,0.05824404545454545,0.058139500988776516,77
100000,-8.5,0.058845064935064945,0.058735571428571436,0.058954691558441574,0.0588234880123858,77
100000,-8.399999999999999,0.059514935064935076,0.05939986688311686,0.05962740584415582,0.059523758958493496,77
100000,-8.3,0.060250649350649346,0.060134405844155844,0.060363772727272724,0.06024090209480451,77
100000,-8.2,0.06098831168831168,0.06087649350649352,0.06109793831168832,0.06097553432150838,77
100000,-8.1,0.06175740259740259,0.061646204545454567,0.06186545779220781,0.06172830292571156,77
100000,-8.0,0.06251688311688312,0.06240726948051949,0.0626274350649351,0.062499887464812616,77
100000,-7.9,0.0633251948051948,0.06320765909090907,0.06343948051948052,0.06329100178971464,77
100000,-7.799999999999999,0.06413558441558441,0.06401934740259742,0.06424676298701298,0.06410239621978292,77
100000,-7.699999999999999,0.06499506493506492,0.06487584090909092,0.06511182792207791,0.06493485988256534,77
100000,-7.6,0.06585103896103897,0.06573323701298703,0.06596052272727274,0.06578922323251056,77
100000,-7.5,0.06672584415584412,0.06660337012987012,0.06684169155844158,0.06666636076425259,77
100000,-7.4,0.06761935064935062,0.06749129545454545,0.06773937012987012,0.06756719393748997,77
100000,-7.299999999999999,0.06857506493506492,0.06844623376623377,0.06869468506493505,0.06849269433208646,77
100000,-7.199999999999999,0.06953519480519482,0.06940193506493504,0.06965689610389611,0.06944388705376449,77
100000,-7.1,0.07051337662337663,0.07037412337662338,0.0706376785714286,0.07042185441266972,77
100000,-7.0,0.07152766233766238,0.07139375974025974,0.07165779870129874,0.07142773989916087,77
100000,-6.9,0.07256038961038962,0.07242778896103899,0.07269363636363635,0.07246275248343952,77
100000,-6.799999999999999,0.07363168831168834,0.0735007727272727,0.07376377922077922,0.07352817126808711,77
100000,-6.699999999999999,0.07472012987012991,0.07458661688311688,0.0748536396103896,0.07462535052523399,77
100000,-6.6,0.07584142857142859,0.0757041396103896,0.07597015909090908,0.07575572515295345,77
100000,-6.5,0.07699636363636363,0.07686422727272728,0.07712130519480519,0.07692081658856084,77
100000,-6.399999999999999,0.0781785714285714,0.07803998701298703,0.07830506818181819,0.07812223921980609,77
100000,-6.299999999999999,0.07941870129870128,0.07927778571428573,0.07954740584415582,0.07936170733847471,77
100000,-6.199999999999999,0.08070181818181818,0.08056725649350649,0.08082378246753248,0.08064104268465222,77
100000,-6.1,0.08204142857142858,0.08191049675324676,0.08216025974025974,0.08196218263384139,77
100000,-6.0,0.0833903896103896,0.08325493181818183,0.08351326298701298,0.08332718908322842,77
100000,-5.899999999999999,0.08480987012987012,0.08466619155844154,0.08494238311688315,0.08473825809763054,77
100000,-5.799999999999999,0.08630883116883117,0.08616726948051952,0.08644421753246756,0.08619773037996997,77
100000,-5.699999999999999,0.08778441558441556,0.08764037337662337,0.08792481168831168,0.08770810263543116,77
100000,-5.6,0.08935766233766237,0.08922139610389608,0.08949586688311689,0.08927203990266241,77
100000,-5.5,0.09094233766233767,0.0908054512987013,0.09108026948051949,0.0908923889293492,77
100000,-5.399999999999999,0.09262987012987015,0.09249661038961042,0.09276222727272727,0.09257219267303321,77
100000,-5.299999999999999,0.09434441558441557,0.09421765909090911,0.094469224025974,0.09431470601095494,77
100000,-5.199999999999999,0.09614896103896106,0.09602311363636368,0.09627299025974026,0.09612341274467356,77
100000,-5.1,0.09802662337662335,0.09789517207792206,0.09815260389610389,0.09800204398590645,77
100000,-5.0,0.09994402597402599,0.09980920454545456,0.10007560064935066,0.09995459800899031,77
100000,-4.899999999999999,0.10198311688311687,0.10184594155844154,0.10211171103896106,0.10198536165204806,77
100000,-4.799999999999999,0.10409012987012989,0.10394698051948051,0.10422325324675323,0.10409893334268339,77
100000,-4.699999999999999,0.1062972727272727,0.10615024675324673,0.10642948376623375,0.10630024781401047,77
100000,-4.6,0.1085694805194805,0.10843558441558442,0.10869039935064935,0.10859460256208363,77
100000,-4.5,0.11093961038961032,0.1107932435064935,0.111072737012987,0.11098768607516492,77
100000,-4.399999999999999,0.11349376623376621,0.11334139935064932,0.11363001298701299,0.11348560783738303,77
100000,-4.299999999999999,0.11612207792207795,0.11596933766233766,0.11626299350649348,0.11609493007258964,77
100000,-4.199999999999999,0.11883233766233763,0.11867205194805193,0.11897990259740257,0.1188227011467537,77
100000,-4.1,0.12168181818181821,0.1215144090909091,0.12183365909090911,0.12167649048691542,77
100000,-4.0,0.12467753246753252,0.12451464610389612,0.12482720779220781,0.12466442479915875,77
100000,-3.8999999999999986,0.12782818181818179,0.1276561038961039,0.12799637337662337,0.12779522527457982,77
100000,-3.799999999999999,0.13109129870129874,0.1309141168831169,0.1312585779220779,0.13107824535794163,77
100000,-3.6999999999999993,0.13452766233766233,0.13433426623376624,0.13471509415584418,0.1345235085155456,77
100000,-3.5999999999999996,0.138172987012987,0.1379781623376623,0.13835777597402596,0.1381417452736923,77
100000,-3.5,0.1419784415584416,0.1417835909090909,0.14216793181818183,0.14194442860392112,77
100000,-3.3999999999999986,0.14599792207792203,0.14579868831168835,0.14618428896103902,0.14594380650331393,77
100000,-3.299999999999999,0.15018766233766237,0.14998941233766228,0.1503710681818182,0.150152930355478,77
100000,-3.1999999999999993,0.15460532467532467,0.15441127597402596,0.15478805844155843,0.15458567735943776,77
100000,-3.0999999999999996,0.15924610389610383,0.15903504545454547,0.1594431201298701,0.15925676498025454,77
100000,-3.0,0.16418922077922074,0.1639803668831169,0.16439249350649357,0.16418175500982207,77
100000,-2.8999999999999986,0.16940948051948057,0.16920606168831173,0.16961067857142856,0.16937704443523158,77
100000,-2.799999999999999,0.17487324675324678,0.1746629707792208,0.17508238636363638,0.17485983990588888,77
100000,-2.6999999999999993,0.18073402597402596,0.18050868506493514,0.18094662987012988,0.18064811218512525,77
100000,-2.5999999999999996,0.1869184415584416,0.18671146428571428,0.18712792857142857,0.18676052658989672,77
100000,-2.5,0.19341558441558443,0.1932045454545455,0.19361873376623379,0.19321634509369578,77
100000,-2.3999999999999986,0.2002238961038961,0.2000164155844156,0.20043494480519483,0.20003529553220692,77
100000,-2.299999999999999,0.20733597402597403,0.20713034415584416,0.20755147402597401,0.207237403257263,77
100000,-2.1999999999999993,0.21486259740259744,0.21464411688311696,0.21508052922077928,0.21484278069049179,77
100000,-2.0999999999999996,0.22285831168831174,0.2226525941558441,0.2230675357142857,0.22287137060023432,77
100000,-2.0,0.23134142857142845,0.23112036038961037,0.2315675584415584,0.23134263963622595,77
100000,-1.8999999999999986,0.2403005194805195,0.24010062987012992,0.24051454870129874,0.2402752197797528,77
100000,-1.799999999999999,0.24971818181818192,0.24951945779220774,0.24993104870129865,0.24968649697051884,77
100000,-1.6999999999999993,0.2596709090909091,0.2594398733766234,0.2599054610389611,0.2595921483081773,77
100000,-1.5999999999999996,0.27000000000000013,0.26976259415584414,0.2702328896103896,0.27000563192211113,77
100000,-1.5,0.2809,0.2806782987012988,0.28115025649350645,0.28093763684207734,77
100000,-1.3999999999999986,0.2924302597402598,0.29220259415584415,0.29267341883116876,0.2923955039129091,77
100000,-1.299999999999999,0.30429649350649346,0.30406101623376625,0.30455402922077923,0.3043826328364466,77
100000,-1.1999999999999993,0.31683,0.3165850551948052,0.3170866461038961,0.31689789457049133,77
100000,-1.0999999999999996,0.32984090909090924,0.32959545454545464,0.33010832142857155,0.32993507226129837,77
100000,-1.0,0.3434110389610391,0.34317259415584417,0.34366312012987016,0.3434823572503344,77
100000,-0.8999999999999986,0.3575212987012987,0.3572810292207792,0.3577754707792207,0.3575219290405499,77
100000,-0.7999999999999989,0.3720045454545455,0.37173166883116887,0.37227668181818185,0.3720296489781469,77
100000,-0.6999999999999993,0.3869203896103896,0.3866356980519481,0.3872210746753247,0.38697489638439964,77
100000,-0.5999999999999996,0.40227441558441557,0.40199074350649344,0.4025781850649351,0.4023205726400002,77
100000,-0.5,0.4180106493506493,0.4177289512987013,0.4183093538961039,0.41802329313067366,77
100000,-0.3999999999999986,0.4339661038961039,0.4336840032467532,0.4342598928571429,0.43403377908390606,77
100000,-0.29999999999999893,0.450285064935065,0.4500131948051948,0.45056280844155844,0.45029745150579603,77
100000,-0.1999999999999993,0.46674285714285724,0.4664945422077922,0.4670032597402598,0.4667552182802637,77
100000,-0.09999999999999964,0.4831776623376622,0.48290965259740265,0.4834554740259739,0.48334443387300485,77
100000,0.0,0.49992974025974046,0.49967086363636365,0.500198762987013,0.5,77
100000,0.10000000000000142,0.5166774025974024,0.516405262987013,0.5169460097402597,0.5166555661269951,77
100000,0.1999999999999993,0.533324025974026,0.5330477077922079,0.533597431818182,0.5332447817197363,77
100000,0.3000000000000007,0.5498544155844157,0.549579724025974,0.5501383246753246,0.5497025484942044,77
100000,0.40000000000000213,0.5661423376623376,0.5658797402597403,0.5664066266233765,0.5659662209160945,77
100000,0.5,0.5821001298701297,0.5818254155844156,0.5823783636363637,0.5819767068693265,77
100000,0.6000000000000014,0.5978790909090911,0.5975918928571431,0.5981611818181819,0.5976794273599998,77
100000,0.6999999999999993,0.6132746753246755,0.6129918084415586,0.6135424902597402,0.6130251036156004,77
100000,0.8000000000000007,0.6281072727272727,0.6278233701298703,0.6283953279220781,0.6279703510218534,77
100000,0.9000000000000021,0.6425675324675324,0.6423066038961038,0.6428321298701298,0.6424780709594506,77
100000,1.0,0.6565845454545455,0.6563479025974027,0.6568245681818182,0.6565176427496657,77
100000,1.1000000000000014,0.6701076623376623,0.6698794772727276,0.6703427305194806,0.6700649277387019,77
100000,1.1999999999999993,0.6831309090909091,0.6828863636363636,0.6833981948051946,0.6831021054295086,77
100000,1.3000000000000007,0.695604805194805,0.6953697370129871,0.6958592272727274,0.6956173671635535,77
100000,1.4000000000000021,0.7076661038961041,0.7074314220779221,0.7079161136363638,0.7076044960870913,77
100000,1.5,0.7190829870129868,0.718841146103896,0.7193401493506495,0.7190623631579227,77
100000,1.6000000000000014,0.7300055844155844,0.7297761558441559,0.7302415811688312,0.7299943680778889,77
100000,1.6999999999999993,0.7404753246753246,0.740231795454545,0.7407279253246754,0.7404078516918227,77
100000,1.8000000000000007,0.7503879220779217,0.7501566136363639,0.7506315649350649,0.7503135030294814,77
100000,1.9000000000000021,0.7598046753246755,0.7595688084415586,0.7600571655844155,0.7597247802202476,77
100000,2.0,0.7687429870129869,0.7684905000000001,0.7690150714285715,0.7686573603637741,77
100000,2.1000000000000014,0.77724012987013,0.7770064805194806,0.7774869123376623,0.7771286293997659,77
100000,2.1999999999999993,0.7852279220779221,0.7850033701298699,0.7854459707792208,0.7851572193095082,77
100000,2.3000000000000007,0.7928154545454547,0.7925920487012985,0.793041587662338,0.7927625967427371,77
100000,2.400000000000002,0.8000599999999999,0.7998453214285715,0.8002746071428571,0.7999647044677934,77
100000,2.5,0.8068563636363639,0.8066431103896105,0.8070571461038961,0.8067836549063043,77
100000,2.6000000000000014,0.8133846753246753,0.8131710616883118,0.8135889740259742,0.8132394734101035,77
100000,2.6999999999999993,0.8194670129870132,0.8192724642857143,0.8196619870129872,0.8193518878148748,77
100000,2.8000000000000007,0.8252838961038962,0.8250693311688313,0.8254925097402598,0.8251401600941112,77
100000,2.900000000000002,0.830778051948052,0.8305681785714287,0.8309897532467534,0.8306229555647686,77
100000,3.0,0.8359497402597402,0.8357322987012988,0.8361696168831171,0.835818244990178,77
100000,3.1000000000000014,0.8409024675324674,0.8406784318181819,0.8411294837662336,0.8407432350197455,77
100000,3.200000000000003,0.8455449350649349,0.845340107142857,0.8457462402597403,0.8454143226405625,77
100000,3.3000000000000007,0.8499820779220778,0.8497886980519486,0.8501787305194809,0.8498470696445221,77
100000,3.400000000000002,0.8542223376623377,0.8540391850649351,0.8544050746753248,0.8540561934966862,77
100000,3.5,0.8582283116883118,0.8580368668831168,0.8584163961038963,0.8580555713960789,77
100000,3.6000000000000014,0.8620580519480516,0.8618776298701298,0.8622475681818182,0.8618582547263078,77
100000,3.700000000000003,0.8656879220779221,0.8655055811688311,0.8658745616883118,0.8654764914844546,77
100000,3.8000000000000007,0.8691035064935064,0.8689264772727274,0.8692911883116883,0.8689217546420585,77
100000,3.900000000000002,0.8723768831168834,0.8721992012987011,0.8725626753246754,0.8722047747254202,77
100000,4.0,0.8755462337662342,0.875378305194805,0.8757277012987015,0.8753355752008412,77
100000,4.100000000000001,0.8785385714285714,0.8783660811688313,0.8787209220779222,0.8783235095130847,77
100000,4.200000000000003,0.8814035064935067,0.8812289415584416,0.8815883149350648,0.8811772988532464,77
100000,4.300000000000001,0.8841385714285717,0.8839655389610391,0.8843223636363637,0.8839050699274105,77
100000,4.400000000000002,0.88676974025974,0.8865893279220779,0.8869571623376625,0.8865143921626171,77
100000,4.5,0.8891971428571429,0.8890185551948054,0.8893796331168832,0.8890123139248349,77
100000,4.600000000000001,0.891587792207792,0.8914180227272728,0.8917685909090911,0.8914053974379165,77
100000,4.700000000000003,0.8939005194805197,0.8937342694805196,0.8940742889610389,0.8936997521859896,77
100000,4.800000000000001,0.8961285714285712,0.89596675,0.8962969090909091,0.8959010666573167,77
100000,4.900000000000002,0.8982423376623379,0.8980780227272727,0.8984087305194809,0.898014638347952,77
100000,5.0,0.900283506493507,0.9001221980519479,0.9004466525974029,0.9000454019910097,77
100000,5.100000000000001,0.9022003896103898,0.9020429772727274,0.9023615616883117,0.9019979560140935,77
100000,5.200000000000003,0.9041102597402597,0.903949996753247,0.9042677987012988,0.9038765872553264,77
100000,5.300000000000001,0.9059055844155843,0.9057473993506497,0.9060615584415583,0.9056852939890452,77
100000,5.400000000000002,0.9076359740259742,0.9074777922077922,0.9077866493506491,0.9074278073269668,77
100000,5.5,0.9093037662337659,0.9091554285714286,0.9094541655844154,0.9091076110706507,77
100000,5.600000000000001,0.9108694805194805,0.9107135032467533,0.9110222142857143,0.9107279600973376,77
100000,5.700000000000003,0.9124589610389613,0.9123140779220779,0.9126046785714286,0.912291897364569,77
100000,5.800000000000001,0.9139224675324679,0.9137879123376623,0.9140610584415585,0.9138022696200302,77
100000,5.900000000000002,0.9153902597402598,0.9152602402597401,0.9155181883116885,0.9152617419023694,77
100000,6.0,0.9167829870129872,0.9166489480519479,0.9169154577922076,0.9166728109167716,77
100000,6.100000000000001,0.9181912987012986,0.9180603636363638,0.9183250811688313,0.9180378173661586,77
100000,6.200000000000003,0.9195050649350653,0.9193712954545453,0.9196510551948052,0.9193589573153478,77
100000,6.300000000000001,0.920790909090909,0.9206542727272728,0.9209370194805194,0.9206382926615253,77
100000,6.400000000000002,0.9220327272727271,0.921891681818182,0.9221809383116883,0.9218777607801938,77
100000,6.5,0.9232425974025976,0.9231030909090907,0.9233897759740263,0.9230791834114391,77
100000,6.600000000000001,0.9244122077922076,0.9242694707792208,0.9245648084415586,0.9242442748470467,77
100000,6.700000000000003,0.9255042857142851,0.925366866883117,0.9256456331168831,0.9253746494747661,77
100000,6.800000000000001,0.9265619480519482,0.9264271396103895,0.9266997435064936,0.9264718287319129,77
100000,6.900000000000002,0.9276523376623371,0.9275164837662342,0.9277923636363637,0.9275372475165605,77
100000,7.0,0.9286714285714289,0.9285351883116882,0.9288093863636363,0.928572260100839,77
100000,7.100000000000001,0.9296579220779219,0.929520762987013,0.9297948863636364,0.9295781455873303,77
100000,7.200000000000003,0.9306244155844161,0.9304891850649347,0.9307552629870127,0.9305561129462356,77
100000,7.300000000000001,0.9315992207792209,0.9314651915584418,0.9317307857142859,0.9315073056679135,77
100000,7.400000000000002,0.9324900000000003,0.9323564902597402,0.9326210422077924,0.93243280606251,77
100000,7.5,0.9333841558441557,0.933255435064935,0.9335093571428573,0.9333336392357474,77
100000,7.600000000000001,0.9342564935064934,0.9341302272727272,0.9343861071428569,0.9342107767674893,77
100000,7.700000000000003,0.9350996103896105,0.9349751948051952,0.9352268863636364,0.9350651401174347,77
100000,7.800000000000001,0.9359561038961042,0.9358361006493506,0.9360788344155845,0.9358976037802171,77
100000,7.900000000000002,0.9367824675324675,0.9366614285714285,0.9369090909090908,0.9367089982102853,77
100000,8.0,0.9375720779220781,0.9374472727272728,0.9376994837662335,0.9375001125351874,77
100000,8.100000000000001,0.9383335064935066,0.9382105064935066,0.9384513116883119,0.9382716970742885,77
100000,8.200000000000003,0.9390906493506497,0.9389702564935065,0.9392062824675328,0.9390244656784917,77
100000,8.3,0.9398157142857142,0.9397018084415585,0.9399213019480519,0.9397590979051956,77
100000,8.400000000000002,0.9405261038961038,0.9404127110389611,0.9406333993506497,0.9404762410415066,77
100000,8.5,0.9412349350649354,0.9411229837662339,0.9413391071428573,0.9411765119876141,77
100000,8.600000000000001,0.9419390909090909,0.9418248019480521,0.9420420844155845,0.9418604990112235,77
100000,8.700000000000003,0.942607662337662,0.9425001266233766,0.9427080194805194,0.9425287633830172,77
100000,8.8,0.9432627272727273,0.9431527240259744,0.9433718214285716,0.9431818409022786,77
100000,8.900000000000002,0.9439119480519482,0.9438036201298703,0.9440187077922075,0.9438202433210409,77
100000,9.0,0.9445285714285718,0.9444228538961039,0.9446315649350652,0.9444444596744244,77
100000,9.100000000000001,0.9451355844155847,0.9450286980519479,0.9452368928571431,0.945054957524198,77
100000,9.200000000000003,0.9457101298701296,0.9455993474025977,0.945814470779221,0.9456521841220042,77
100000,9.3,0.94628961038961,0.9461758441558445,0.9463965097402598,0.9462365674981752,77
100000,9.400000000000002,0.9468657142857142,0.946754409090909,0.9469715616883119,0.9468085174815689,77
100000,9.5,0.9474267532467534,0.947322448051948,0.9475257175324676,0.9473684266554281,77
100000,9.600000000000001,0.9479862337662336,0.9478810357142858,0.9480865000000003,0.9479166712538484,77
100000,9.700000000000003,0.9485244155844157,0.9484187954545455,0.9486276753246754,0.9484536120030895,77
100000,9.8,0.949028831168831,0.9489245227272728,0.9491306753246751,0.9489795949116147,77
100000,9.900000000000002,0.9495440259740264,0.9494384350649346,0.9496468961038961,0.9494949520124484,77
100000,10.0,0.9500523376623379,0.9499492629870131,0.9501546753246752,0.9500000020611536,77
100000,10.100000000000001,0.9505483116883116,0.9504416785714288,0.950650392857143,0.9504950511924803,77
100000,10.200000000000003,0.9510324675324681,0.9509289448051951,0.9511370194805197,0.9509803935384954,77
100000,10.3,0.9515094805194805,0.9514042694805197,0.9516142889610393,0.9514563118107968,77
100000,10.400000000000002,0.95197012987013,0.951865957792208,0.9520732500000001,0.951923077849213,77
100000,10.5,0.952413376623377,0.9523062240259742,0.9525171655844155,0.9523809531392085,77
100000,10.600000000000001,0.9528522077922078,0.9527457077922076,0.9529585779220777,0.9528301893000529,77
100000,10.700000000000003,0.9532810389610392,0.9531758409090909,0.953386503246753,0.9532710285456575,77
100000,10.8,0.9537101298701297,0.9536077857142856,0.9538154610389609,0.9537037041198435,77
100000,10.900000000000002,0.9541418181818183,0.9540380422077922,0.9542468993506493,0.9541284407076789,77
100000,11.0,0.9545558441558442,0.9544551948051948,0.9546609123376623,0.9545454548244015,77
100000,11.100000000000001,0.9549911688311687,0.9548886948051948,0.9550915616883119,0.9549549551833374,77
100000,11.200000000000003,0.9553885714285716,0.9552810259740258,0.95549337987013,0.9553571430441267,77
100000,11.3,0.9557975324675325,0.9556902500000004,0.9559013051948052,0.9557522125424699,77
100000,11.400000000000002,0.9561809090909092,0.9560727142857143,0.9562842857142857,0.9561403510025318,77
100000,11.5,0.9565784415584416,0.95647,0.9566806493506491,0.9565217392330536,77
100000,11.600000000000001,0.9569674025974025,0.9568653149350651,0.957067409090909,0.9568965518081551,77
100000,11.700000000000003,0.957332857142857,0.9572318149350652,0.9574335064935062,0.9572649573337447,77
100000,11.8,0.9577003896103894,0.957605185064935,0.9577964967532466,0.9576271187003863,77
100000,11.900000000000002,0.9580637662337661,0.9579711525974025,0.9581585811688311,0.9579831933234205,77
100000,12.0,0.95841012987013,0.9583144155844158,0.958506035714286,0.9583333333710847,77
100000,12.100000000000001,0.95873974025974,0.95864687987013,0.9588370162337664,0.9586776859813214,77
100000,12.200000000000003,0.959086753246753,0.9589905162337664,0.9591811818181819,0.9590163934679286,77
100000,12.3,0.9594314285714286,0.9593338831168832,0.959528590909091,0.9593495935166535,77
100000,12.400000000000002,0.9597564935064932,0.9596595779220779,0.9598531168831169,0.9596774193718016,77
100000,12.5,0.9600872727272731,0.9599886785714284,0.9601849350649354,0.960000000013888,77
100000,12.600000000000001,0.9603987012987009,0.9602975292207795,0.9604985779220777,0.9603174603288308,77
100000,12.700000000000003,0.9606966233766232,0.9605971363636366,0.9607959837662339,0.9606299212691519,77
100000,12.8,0.9609997402597402,0.9609054448051948,0.9610967629870129,0.9609375000076219,77
100000,12.900000000000002,0.9612898701298704,0.9611949220779219,0.9613831201298699,0.9612403100837598,77
100000,13.0,0.961585974025974,0.9614921948051947,0.9616805292207795,0.9615384615435708,77
100000,13.100000000000001,0.9618827272727272,0.9617877727272728,0.9619754577922078,0.9618320610728854,77
100000,13.200000000000003,0.9621723376623377,0.9620772662337663,0.9622657175324677,0.962121212124637,77
100000,13.3,0.9624585714285715,0.962366217532468,0.9625483376623376,0.9624060150403979,77
100000,13.400000000000002,0.9627474025974024,0.9626589448051949,0.9628339090909092,0.9626865671664748,77
100000,13.5,0.9630203896103896,0.9629319415584418,0.9631063733766234,0.9629629629648426,77
100000,13.600000000000001,0.9632987012987009,0.9632106136363638,0.9633854805194804,0.9632352941191861,77
100000,13.700000000000003,0.9635566233766231,0.9634672694805195,0.963643902597403,0.9635036496362964,77
100000,13.8,0.9638301298701297,0.9637448019480522,0.963914681818182,0.9637681159430606,77
100000,13.900000000000002,0.964098701298701,0.9640094772727273,0.9641857532467535,0.9640287769792619,77
100000,14.0,0.964358701298701,0.9642667500000002,0.9644476623376624,0.9642857142864057,77
100000,14.100000000000001,0.9646024675324677,0.9645138928571426,0.9646880616883118,0.9645390070927649,77
100000,14.200000000000003,0.9648629870129865,0.9647753214285715,0.9649475357142862,0.9647887323948299,77
100000,14.3,0.9651118181818181,0.9650276623376626,0.9651955974025974,0.9650349650353445,77
100000,14.400000000000002,0.9653487012987012,0.9652647922077922,0.9654320811688312,0.9652777777780884,77
100000,14.5,0.9655920779220779,0.9655084188311688,0.9656744350649351,0.9655172413795649,77
100000,14.600000000000001,0.9658225974025972,0.9657383084415584,0.9659078149350648,0.9657534246577425,77
100000,14.700000000000003,0.9660483116883114,0.9659635000000003,0.9661317012987013,0.9659863945579936,77
100000,14.8,0.966277662337662,0.9661945389610391,0.9663601331168833,0.9662162162163559,77
100000,14.900000000000002,0.9664971428571427,0.9664138896103898,0.9665798701298698,0.9664429530202486,77
100000,15.0,0.9667168831168832,0.9666336201298701,0.9668000000000001,0.9666666666667604,77
100000,15.100000000000001,0.9669279220779224,0.9668446688311688,0.9670094805194803,0.9668874172186197,77
100000,15.200000000000003,0.9671409090909092,0.9670558441558444,0.9672246915584416,0.9671052631579575,77
100000,15.3,0.9673609090909091,0.9672758246753246,0.967444422077922,0.96732026143796,77
100000,15.400000000000002,0.9675685714285709,0.9674841525974026,0.9676536428571431,0.9675324675325098,77
100000,15.5,0.9677802597402602,0.9676958181818183,0.9678676720779221,0.9677419354839054,77
100000,15.600000000000001,0.9679862337662336,0.9679002467532466,0.9680705649350648,0.9679487179487462,77
100000,15.700000000000003,0.9681909090909092,0.968103626623377,0.9682754642857144,0.9681528662420613,77
100000,15.8,0.968390909090909,0.9683022012987009,0.9684735097402594,0.9683544303797658,77
100000,15.900000000000002,0.9685805194805194,0.9684927207792208,0.96866312012987,0.9685534591195124,77
100000,16.0,0.9687727272727273,0.9686872597402598,0.9688510551948053,0.9687500000000127,77
